"family","id","name","rank","max","is_final","copper_next","silver_next","gold_next","knowledge_next","copper_total","silver_total","gold_total","knowledge_total","knowledge_prerequisites","smith_work_hours","early_resource_hours","early_training_hours","early_combined_lower_bound_hours","early_unobserved_metals","developed_resource_hours","developed_training_hours","developed_combined_lower_bound_hours","developed_unobserved_metals","late_resource_hours","late_training_hours","late_combined_lower_bound_hours","late_unobserved_metals","notes"
"Forge","barracksCapacity","Garrison","1","4","false","2","0","0","0","2","0","0","0","0","0","1","0","1","","0.3037974683544304","0","0.3037974683544304","","0.20869565217391303","0","0.20869565217391303","",""
"Forge","barracksCapacity","Garrison","2","4","false","4","0","0","0","6","0","0","0","0","0","3","0","3","","0.9113924050632912","0","0.9113924050632912","","0.6260869565217391","0","0.6260869565217391","",""
"Forge","barracksCapacity","Garrison","3","4","false","6","0","0","0","12","0","0","0","0","0","6","0","6","","1.8227848101265824","0","1.8227848101265824","","1.2521739130434781","0","1.2521739130434781","",""
"Forge","barracksCapacity","Garrison","4","4","true","8","1","0","0","20","1","0","0","0","0","10","0","10","","3.037974683544304","0","3.037974683544304","","2.0869565217391304","0","2.0869565217391304","",""
"Forge","barracksTraining","Drill yard","1","5","false","2","0","0","0","2","0","0","0","0","0","1","0","1","","0.3037974683544304","0","0.3037974683544304","","0.20869565217391303","0","0.20869565217391303","",""
"Forge","barracksTraining","Drill yard","2","5","false","4","0","0","0","6","0","0","0","0","0","3","0","3","","0.9113924050632912","0","0.9113924050632912","","0.6260869565217391","0","0.6260869565217391","",""
"Forge","barracksTraining","Drill yard","3","5","false","6","0","0","0","12","0","0","0","0","0","6","0","6","","1.8227848101265824","0","1.8227848101265824","","1.2521739130434781","0","1.2521739130434781","",""
"Forge","barracksTraining","Drill yard","4","5","false","8","1","0","0","20","1","0","0","0","0","10","0","10","","3.037974683544304","0","3.037974683544304","","2.0869565217391304","0","2.0869565217391304","",""
"Forge","barracksTraining","Drill yard","5","5","true","10","2","0","0","30","3","0","0","0","0","15","0","15","","4.556962025316456","0","4.556962025316456","","3.1304347826086953","0","3.1304347826086953","",""
"Forge","soldierArms","Arms & armour","1","6","false","2","0","0","0","2","0","0","0","0","0","1","0","1","","0.3037974683544304","0","0.3037974683544304","","0.20869565217391303","0","0.20869565217391303","",""
"Forge","soldierArms","Arms & armour","2","6","false","4","0","0","0","6","0","0","0","0","0","3","0","3","","0.9113924050632912","0","0.9113924050632912","","0.6260869565217391","0","0.6260869565217391","",""
"Forge","soldierArms","Arms & armour","3","6","false","6","0","0","0","12","0","0","0","0","0","6","0","6","","1.8227848101265824","0","1.8227848101265824","","1.2521739130434781","0","1.2521739130434781","",""
"Forge","soldierArms","Arms & armour","4","6","false","8","1","0","0","20","1","0","0","0","0","10","0","10","","3.037974683544304","0","3.037974683544304","","2.0869565217391304","0","2.0869565217391304","",""
"Forge","soldierArms","Arms & armour","5","6","false","10","2","0","0","30","3","0","0","0","0","15","0","15","","4.556962025316456","0","4.556962025316456","","3.1304347826086953","0","3.1304347826086953","",""
"Forge","soldierArms","Arms & armour","6","6","true","12","3","1","0","42","6","1","0","0","0","21","0","21","","6.379746835443038","0","6.379746835443038","","4.3826086956521735","0","4.3826086956521735","",""
"Forge","soldierReach","Patrol routes","1","4","false","2","0","0","0","2","0","0","0","0","0","1","0","1","","0.3037974683544304","0","0.3037974683544304","","0.20869565217391303","0","0.20869565217391303","",""
"Forge","soldierReach","Patrol routes","2","4","false","4","0","0","0","6","0","0","0","0","0","3","0","3","","0.9113924050632912","0","0.9113924050632912","","0.6260869565217391","0","0.6260869565217391","",""
"Forge","soldierReach","Patrol routes","3","4","false","6","0","0","0","12","0","0","0","0","0","6","0","6","","1.8227848101265824","0","1.8227848101265824","","1.2521739130434781","0","1.2521739130434781","",""
"Forge","soldierReach","Patrol routes","4","4","true","8","1","0","0","20","1","0","0","0","0","10","0","10","","3.037974683544304","0","3.037974683544304","","2.0869565217391304","0","2.0869565217391304","",""
"Forge","archerSight","Keen eyes","1","4","false","2","0","0","0","2","0","0","0","0","0","1","0","1","","0.3037974683544304","0","0.3037974683544304","","0.20869565217391303","0","0.20869565217391303","",""
"Forge","archerSight","Keen eyes","2","4","false","4","0","0","0","6","0","0","0","0","0","3","0","3","","0.9113924050632912","0","0.9113924050632912","","0.6260869565217391","0","0.6260869565217391","",""
"Forge","archerSight","Keen eyes","3","4","false","6","0","0","0","12","0","0","0","0","0","6","0","6","","1.8227848101265824","0","1.8227848101265824","","1.2521739130434781","0","1.2521739130434781","",""
"Forge","archerSight","Keen eyes","4","4","true","8","1","0","0","20","1","0","0","0","0","10","0","10","","3.037974683544304","0","3.037974683544304","","2.0869565217391304","0","2.0869565217391304","",""
"Forge","archerHunt","Hunter's instinct","1","1","true","12","4","0","0","12","4","0","0","0","0","6","0","6","","1.8227848101265824","0","1.8227848101265824","","1.2521739130434781","0","1.2521739130434781","",""
"Forge","archerDamage","Bodkin points","1","6","false","2","0","0","0","2","0","0","0","0","0","1","0","1","","0.3037974683544304","0","0.3037974683544304","","0.20869565217391303","0","0.20869565217391303","",""
"Forge","archerDamage","Bodkin points","2","6","false","4","0","0","0","6","0","0","0","0","0","3","0","3","","0.9113924050632912","0","0.9113924050632912","","0.6260869565217391","0","0.6260869565217391","",""
"Forge","archerDamage","Bodkin points","3","6","false","6","0","0","0","12","0","0","0","0","0","6","0","6","","1.8227848101265824","0","1.8227848101265824","","1.2521739130434781","0","1.2521739130434781","",""
"Forge","archerDamage","Bodkin points","4","6","false","8","1","0","0","20","1","0","0","0","0","10","0","10","","3.037974683544304","0","3.037974683544304","","2.0869565217391304","0","2.0869565217391304","",""
"Forge","archerDamage","Bodkin points","5","6","false","10","2","0","0","30","3","0","0","0","0","15","0","15","","4.556962025316456","0","4.556962025316456","","3.1304347826086953","0","3.1304347826086953","",""
"Forge","archerDamage","Bodkin points","6","6","true","12","3","1","0","42","6","1","0","0","0","21","0","21","","6.379746835443038","0","6.379746835443038","","4.3826086956521735","0","4.3826086956521735","",""
"Forge","archerRange","Longbows","1","4","false","2","0","0","0","2","0","0","0","0","0","1","0","1","","0.3037974683544304","0","0.3037974683544304","","0.20869565217391303","0","0.20869565217391303","",""
"Forge","archerRange","Longbows","2","4","false","4","0","0","0","6","0","0","0","0","0","3","0","3","","0.9113924050632912","0","0.9113924050632912","","0.6260869565217391","0","0.6260869565217391","",""
"Forge","archerRange","Longbows","3","4","false","6","0","0","0","12","0","0","0","0","0","6","0","6","","1.8227848101265824","0","1.8227848101265824","","1.2521739130434781","0","1.2521739130434781","",""
"Forge","archerRange","Longbows","4","4","true","8","1","0","0","20","1","0","0","0","0","10","0","10","","3.037974683544304","0","3.037974683544304","","2.0869565217391304","0","2.0869565217391304","",""
"Forge","archerRate","Quick nock","1","5","false","2","0","0","0","2","0","0","0","0","0","1","0","1","","0.3037974683544304","0","0.3037974683544304","","0.20869565217391303","0","0.20869565217391303","",""
"Forge","archerRate","Quick nock","2","5","false","4","0","0","0","6","0","0","0","0","0","3","0","3","","0.9113924050632912","0","0.9113924050632912","","0.6260869565217391","0","0.6260869565217391","",""
"Forge","archerRate","Quick nock","3","5","false","6","0","0","0","12","0","0","0","0","0","6","0","6","","1.8227848101265824","0","1.8227848101265824","","1.2521739130434781","0","1.2521739130434781","",""
"Forge","archerRate","Quick nock","4","5","false","8","1","0","0","20","1","0","0","0","0","10","0","10","","3.037974683544304","0","3.037974683544304","","2.0869565217391304","0","2.0869565217391304","",""
"Forge","archerRate","Quick nock","5","5","true","10","2","0","0","30","3","0","0","0","0","15","0","15","","4.556962025316456","0","4.556962025316456","","3.1304347826086953","0","3.1304347826086953","",""
"Forge","cannonDamage","Heavy shot","1","5","false","2","0","0","0","2","0","0","0","0","0","1","0","1","","0.3037974683544304","0","0.3037974683544304","","0.20869565217391303","0","0.20869565217391303","",""
"Forge","cannonDamage","Heavy shot","2","5","false","4","0","0","0","6","0","0","0","0","0","3","0","3","","0.9113924050632912","0","0.9113924050632912","","0.6260869565217391","0","0.6260869565217391","",""
"Forge","cannonDamage","Heavy shot","3","5","false","6","0","0","0","12","0","0","0","0","0","6","0","6","","1.8227848101265824","0","1.8227848101265824","","1.2521739130434781","0","1.2521739130434781","",""
"Forge","cannonDamage","Heavy shot","4","5","false","8","1","0","0","20","1","0","0","0","0","10","0","10","","3.037974683544304","0","3.037974683544304","","2.0869565217391304","0","2.0869565217391304","",""
"Forge","cannonDamage","Heavy shot","5","5","true","10","2","0","0","30","3","0","0","0","0","15","0","15","","4.556962025316456","0","4.556962025316456","","3.1304347826086953","0","3.1304347826086953","",""
"Forge","cannonRate","Powder monkeys","1","4","false","2","0","0","0","2","0","0","0","0","0","1","0","1","","0.3037974683544304","0","0.3037974683544304","","0.20869565217391303","0","0.20869565217391303","",""
"Forge","cannonRate","Powder monkeys","2","4","false","4","0","0","0","6","0","0","0","0","0","3","0","3","","0.9113924050632912","0","0.9113924050632912","","0.6260869565217391","0","0.6260869565217391","",""
"Forge","cannonRate","Powder monkeys","3","4","false","6","0","0","0","12","0","0","0","0","0","6","0","6","","1.8227848101265824","0","1.8227848101265824","","1.2521739130434781","0","1.2521739130434781","",""
"Forge","cannonRate","Powder monkeys","4","4","true","8","1","0","0","20","1","0","0","0","0","10","0","10","","3.037974683544304","0","3.037974683544304","","2.0869565217391304","0","2.0869565217391304","",""
"Forge","cannonSafe","Gunnery drills","1","1","true","2","0","0","0","2","0","0","0","0","0","1","0","1","","0.3037974683544304","0","0.3037974683544304","","0.20869565217391303","0","0.20869565217391303","",""
"Forge","bombSafe","Shaped charges","1","1","true","2","0","0","0","2","0","0","0","0","0","1","0","1","","0.3037974683544304","0","0.3037974683544304","","0.20869565217391303","0","0.20869565217391303","",""
"Forge","watchRadius","Lookouts","1","4","false","2","0","0","0","2","0","0","0","0","0","1","0","1","","0.3037974683544304","0","0.3037974683544304","","0.20869565217391303","0","0.20869565217391303","",""
"Forge","watchRadius","Lookouts","2","4","false","4","0","0","0","6","0","0","0","0","0","3","0","3","","0.9113924050632912","0","0.9113924050632912","","0.6260869565217391","0","0.6260869565217391","",""
"Forge","watchRadius","Lookouts","3","4","false","6","0","0","0","12","0","0","0","0","0","6","0","6","","1.8227848101265824","0","1.8227848101265824","","1.2521739130434781","0","1.2521739130434781","",""
"Forge","watchRadius","Lookouts","4","4","true","8","1","0","0","20","1","0","0","0","0","10","0","10","","3.037974683544304","0","3.037974683544304","","2.0869565217391304","0","2.0869565217391304","",""
"Forge","wizardFlame","Flamethrower","1","5","false","2","0","0","0","2","0","0","0","0","0","1","0","1","","0.3037974683544304","0","0.3037974683544304","","0.20869565217391303","0","0.20869565217391303","",""
"Forge","wizardFlame","Flamethrower","2","5","false","4","0","0","0","6","0","0","0","0","0","3","0","3","","0.9113924050632912","0","0.9113924050632912","","0.6260869565217391","0","0.6260869565217391","",""
"Forge","wizardFlame","Flamethrower","3","5","false","6","0","0","0","12","0","0","0","0","0","6","0","6","","1.8227848101265824","0","1.8227848101265824","","1.2521739130434781","0","1.2521739130434781","",""
"Forge","wizardFlame","Flamethrower","4","5","false","8","1","0","0","20","1","0","0","0","0","10","0","10","","3.037974683544304","0","3.037974683544304","","2.0869565217391304","0","2.0869565217391304","",""
"Forge","wizardFlame","Flamethrower","5","5","true","10","2","0","0","30","3","0","0","0","0","15","0","15","","4.556962025316456","0","4.556962025316456","","3.1304347826086953","0","3.1304347826086953","",""
"Forge","wizardIce","Ice wave","1","5","false","2","0","0","0","2","0","0","0","0","0","1","0","1","","0.3037974683544304","0","0.3037974683544304","","0.20869565217391303","0","0.20869565217391303","",""
"Forge","wizardIce","Ice wave","2","5","false","4","0","0","0","6","0","0","0","0","0","3","0","3","","0.9113924050632912","0","0.9113924050632912","","0.6260869565217391","0","0.6260869565217391","",""
"Forge","wizardIce","Ice wave","3","5","false","6","0","0","0","12","0","0","0","0","0","6","0","6","","1.8227848101265824","0","1.8227848101265824","","1.2521739130434781","0","1.2521739130434781","",""
"Forge","wizardIce","Ice wave","4","5","false","8","1","0","0","20","1","0","0","0","0","10","0","10","","3.037974683544304","0","3.037974683544304","","2.0869565217391304","0","2.0869565217391304","",""
"Forge","wizardIce","Ice wave","5","5","true","10","2","0","0","30","3","0","0","0","0","15","0","15","","4.556962025316456","0","4.556962025316456","","3.1304347826086953","0","3.1304347826086953","",""
"Forge","mageFireball","Pyroclasm","1","5","false","2","0","0","0","2","0","0","0","0","0","1","0","1","","0.3037974683544304","0","0.3037974683544304","","0.20869565217391303","0","0.20869565217391303","",""
"Forge","mageFireball","Pyroclasm","2","5","false","4","0","0","0","6","0","0","0","0","0","3","0","3","","0.9113924050632912","0","0.9113924050632912","","0.6260869565217391","0","0.6260869565217391","",""
"Forge","mageFireball","Pyroclasm","3","5","false","6","0","0","0","12","0","0","0","0","0","6","0","6","","1.8227848101265824","0","1.8227848101265824","","1.2521739130434781","0","1.2521739130434781","",""
"Forge","mageFireball","Pyroclasm","4","5","false","8","1","0","0","20","1","0","0","0","0","10","0","10","","3.037974683544304","0","3.037974683544304","","2.0869565217391304","0","2.0869565217391304","",""
"Forge","mageFireball","Pyroclasm","5","5","true","10","2","0","0","30","3","0","0","0","0","15","0","15","","4.556962025316456","0","4.556962025316456","","3.1304347826086953","0","3.1304347826086953","",""
"Forge","mageEmbers","Lingering embers","1","5","false","2","0","0","0","2","0","0","0","0","0","1","0","1","","0.3037974683544304","0","0.3037974683544304","","0.20869565217391303","0","0.20869565217391303","",""
"Forge","mageEmbers","Lingering embers","2","5","false","4","0","0","0","6","0","0","0","0","0","3","0","3","","0.9113924050632912","0","0.9113924050632912","","0.6260869565217391","0","0.6260869565217391","",""
"Forge","mageEmbers","Lingering embers","3","5","false","6","0","0","0","12","0","0","0","0","0","6","0","6","","1.8227848101265824","0","1.8227848101265824","","1.2521739130434781","0","1.2521739130434781","",""
"Forge","mageEmbers","Lingering embers","4","5","false","8","1","0","0","20","1","0","0","0","0","10","0","10","","3.037974683544304","0","3.037974683544304","","2.0869565217391304","0","2.0869565217391304","",""
"Forge","mageEmbers","Lingering embers","5","5","true","10","2","0","0","30","3","0","0","0","0","15","0","15","","4.556962025316456","0","4.556962025316456","","3.1304347826086953","0","3.1304347826086953","",""
"Forge","palaceCompact","Folded halls","1","1","true","10","3","0","0","10","3","0","0","0","0","5","0","5","","1.518987341772152","0","1.518987341772152","","1.0434782608695652","0","1.0434782608695652","",""
"Forge","valkyrieReach","Long spears","1","5","false","2","0","0","0","2","0","0","0","0","0","1","0","1","","0.3037974683544304","0","0.3037974683544304","","0.20869565217391303","0","0.20869565217391303","",""
"Forge","valkyrieReach","Long spears","2","5","false","4","0","0","0","6","0","0","0","0","0","3","0","3","","0.9113924050632912","0","0.9113924050632912","","0.6260869565217391","0","0.6260869565217391","",""
"Forge","valkyrieReach","Long spears","3","5","false","6","0","0","0","12","0","0","0","0","0","6","0","6","","1.8227848101265824","0","1.8227848101265824","","1.2521739130434781","0","1.2521739130434781","",""
"Forge","valkyrieReach","Long spears","4","5","false","8","1","0","0","20","1","0","0","0","0","10","0","10","","3.037974683544304","0","3.037974683544304","","2.0869565217391304","0","2.0869565217391304","",""
"Forge","valkyrieReach","Long spears","5","5","true","10","2","0","0","30","3","0","0","0","0","15","0","15","","4.556962025316456","0","4.556962025316456","","3.1304347826086953","0","3.1304347826086953","",""
"Forge","darkKeepCompact","Folded sanctum","1","1","true","45","20","3","0","45","20","3","0","0","0","22.5","0","22.5","","6.8354430379746836","0","6.8354430379746836","","4.695652173913043","0","4.695652173913043","",""
"Forge","chainReach","Arc span","1","5","false","2","0","0","0","2","0","0","0","0","0","1","0","1","","0.3037974683544304","0","0.3037974683544304","","0.20869565217391303","0","0.20869565217391303","",""
"Forge","chainReach","Arc span","2","5","false","4","0","0","0","6","0","0","0","0","0","3","0","3","","0.9113924050632912","0","0.9113924050632912","","0.6260869565217391","0","0.6260869565217391","",""
"Forge","chainReach","Arc span","3","5","false","6","0","0","0","12","0","0","0","0","0","6","0","6","","1.8227848101265824","0","1.8227848101265824","","1.2521739130434781","0","1.2521739130434781","",""
"Forge","chainReach","Arc span","4","5","false","8","1","0","0","20","1","0","0","0","0","10","0","10","","3.037974683544304","0","3.037974683544304","","2.0869565217391304","0","2.0869565217391304","",""
"Forge","chainReach","Arc span","5","5","true","10","2","0","0","30","3","0","0","0","0","15","0","15","","4.556962025316456","0","4.556962025316456","","3.1304347826086953","0","3.1304347826086953","",""
"Forge","chainCount","Conduit of night","1","20","false","4","1","0","0","4","1","0","0","0","0","2","0","2","","0.6075949367088608","0","0.6075949367088608","","0.41739130434782606","0","0.41739130434782606","",""
"Forge","chainCount","Conduit of night","2","20","false","5","1","0","0","9","2","0","0","0","0","4.5","0","4.5","","1.3670886075949367","0","1.3670886075949367","","0.9391304347826086","0","0.9391304347826086","",""
"Forge","chainCount","Conduit of night","3","20","false","6","1","0","0","15","3","0","0","0","0","7.5","0","7.5","","2.278481012658228","0","2.278481012658228","","1.5652173913043477","0","1.5652173913043477","",""
"Forge","chainCount","Conduit of night","4","20","false","7","2","0","0","22","5","0","0","0","0","11","0","11","","3.3417721518987342","0","3.3417721518987342","","2.2956521739130435","0","2.2956521739130435","",""
"Forge","chainCount","Conduit of night","5","20","false","8","2","0","0","30","7","0","0","0","0","15","0","15","","4.556962025316456","0","4.556962025316456","","3.1304347826086953","0","3.1304347826086953","",""
"Forge","chainCount","Conduit of night","6","20","false","9","2","1","0","39","9","1","0","0","0","19.5","0","19.5","","5.924050632911393","0","5.924050632911393","","4.069565217391304","0","4.069565217391304","",""
"Forge","chainCount","Conduit of night","7","20","false","10","3","1","0","49","12","2","0","0","0","24.5","0","24.5","","7.443037974683545","0","7.443037974683545","","5.113043478260869","0","5.113043478260869","",""
"Forge","chainCount","Conduit of night","8","20","false","11","3","1","0","60","15","3","0","0","0","30","0","30","","9.113924050632912","0","9.113924050632912","","6.260869565217391","0","6.260869565217391","",""
"Forge","chainCount","Conduit of night","9","20","false","12","3","1","0","72","18","4","0","0","0","36","0","36","","10.936708860759493","0","10.936708860759493","","7.513043478260869","0","7.513043478260869","",""
"Forge","chainCount","Conduit of night","10","20","false","13","4","1","0","85","22","5","0","0","0","42.5","0","42.5","","12.911392405063292","0","12.911392405063292","","8.869565217391305","0","8.869565217391305","",""
"Forge","chainCount","Conduit of night","11","20","false","14","4","2","0","99","26","7","0","0","0","49.5","0","49.5","","15.037974683544304","0","15.037974683544304","","10.330434782608695","0","10.330434782608695","",""
"Forge","chainCount","Conduit of night","12","20","false","15","4","2","0","114","30","9","0","0","0","57","0","57","","17.31645569620253","0","17.31645569620253","","11.895652173913042","0","11.895652173913042","",""
"Forge","chainCount","Conduit of night","13","20","false","16","5","2","0","130","35","11","0","0","0","65","0","65","","19.746835443037977","0","19.746835443037977","","13.565217391304348","0","13.565217391304348","",""
"Forge","chainCount","Conduit of night","14","20","false","17","5","2","0","147","40","13","0","0","0","73.5","0","73.5","","22.329113924050635","0","22.329113924050635","","15.339130434782607","0","15.339130434782607","",""
"Forge","chainCount","Conduit of night","15","20","false","18","5","2","0","165","45","15","0","0","0","82.5","0","82.5","","25.06329113924051","0","25.06329113924051","","17.217391304347824","0","17.217391304347824","",""
"Forge","chainCount","Conduit of night","16","20","false","19","6","3","0","184","51","18","0","0","0","92","0","92","","27.949367088607595","0","27.949367088607595","","19.2","0","19.2","",""
"Forge","chainCount","Conduit of night","17","20","false","20","6","3","0","204","57","21","0","0","0","102","0","102","","30.9873417721519","0","30.9873417721519","","21.28695652173913","0","21.28695652173913","",""
"Forge","chainCount","Conduit of night","18","20","false","21","6","3","0","225","63","24","0","0","0","112.5","0","112.5","","34.17721518987342","0","34.17721518987342","","23.478260869565215","0","23.478260869565215","",""
"Forge","chainCount","Conduit of night","19","20","false","22","7","3","0","247","70","27","0","0","0","123.5","0","123.5","","37.51898734177215","0","37.51898734177215","","25.77391304347826","0","25.77391304347826","",""
"Forge","chainCount","Conduit of night","20","20","true","23","7","3","0","270","77","30","0","0","0","135","0","135","","41.01265822784811","0","41.01265822784811","","28.173913043478258","0","28.173913043478258","",""
"Forge","baitRestock","Restocking","1","5","false","2","0","0","0","2","0","0","0","0","0","1","0","1","","0.3037974683544304","0","0.3037974683544304","","0.20869565217391303","0","0.20869565217391303","",""
"Forge","baitRestock","Restocking","2","5","false","4","0","0","0","6","0","0","0","0","0","3","0","3","","0.9113924050632912","0","0.9113924050632912","","0.6260869565217391","0","0.6260869565217391","",""
"Forge","baitRestock","Restocking","3","5","false","6","0","0","0","12","0","0","0","0","0","6","0","6","","1.8227848101265824","0","1.8227848101265824","","1.2521739130434781","0","1.2521739130434781","",""
"Forge","baitRestock","Restocking","4","5","false","8","1","0","0","20","1","0","0","0","0","10","0","10","","3.037974683544304","0","3.037974683544304","","2.0869565217391304","0","2.0869565217391304","",""
"Forge","baitRestock","Restocking","5","5","true","10","2","0","0","30","3","0","0","0","0","15","0","15","","4.556962025316456","0","4.556962025316456","","3.1304347826086953","0","3.1304347826086953","",""
"Forge","baitBlast","Powder kegs","1","5","false","2","0","0","0","2","0","0","0","0","0","1","0","1","","0.3037974683544304","0","0.3037974683544304","","0.20869565217391303","0","0.20869565217391303","",""
"Forge","baitBlast","Powder kegs","2","5","false","4","0","0","0","6","0","0","0","0","0","3","0","3","","0.9113924050632912","0","0.9113924050632912","","0.6260869565217391","0","0.6260869565217391","",""
"Forge","baitBlast","Powder kegs","3","5","false","6","0","0","0","12","0","0","0","0","0","6","0","6","","1.8227848101265824","0","1.8227848101265824","","1.2521739130434781","0","1.2521739130434781","",""
"Forge","baitBlast","Powder kegs","4","5","false","8","1","0","0","20","1","0","0","0","0","10","0","10","","3.037974683544304","0","3.037974683544304","","2.0869565217391304","0","2.0869565217391304","",""
"Forge","baitBlast","Powder kegs","5","5","true","10","2","0","0","30","3","0","0","0","0","15","0","15","","4.556962025316456","0","4.556962025316456","","3.1304347826086953","0","3.1304347826086953","",""
"Forge","spikeDamage","Iron-shod stakes","1","6","false","2","0","0","0","2","0","0","0","0","0","1","0","1","","0.3037974683544304","0","0.3037974683544304","","0.20869565217391303","0","0.20869565217391303","",""
"Forge","spikeDamage","Iron-shod stakes","2","6","false","4","0","0","0","6","0","0","0","0","0","3","0","3","","0.9113924050632912","0","0.9113924050632912","","0.6260869565217391","0","0.6260869565217391","",""
"Forge","spikeDamage","Iron-shod stakes","3","6","false","6","0","0","0","12","0","0","0","0","0","6","0","6","","1.8227848101265824","0","1.8227848101265824","","1.2521739130434781","0","1.2521739130434781","",""
"Forge","spikeDamage","Iron-shod stakes","4","6","false","8","1","0","0","20","1","0","0","0","0","10","0","10","","3.037974683544304","0","3.037974683544304","","2.0869565217391304","0","2.0869565217391304","",""
"Forge","spikeDamage","Iron-shod stakes","5","6","false","10","2","0","0","30","3","0","0","0","0","15","0","15","","4.556962025316456","0","4.556962025316456","","3.1304347826086953","0","3.1304347826086953","",""
"Forge","spikeDamage","Iron-shod stakes","6","6","true","12","3","1","0","42","6","1","0","0","0","21","0","21","","6.379746835443038","0","6.379746835443038","","4.3826086956521735","0","4.3826086956521735","",""
"Forge","spikeRate","Barbed edges","1","4","false","2","0","0","0","2","0","0","0","0","0","1","0","1","","0.3037974683544304","0","0.3037974683544304","","0.20869565217391303","0","0.20869565217391303","",""
"Forge","spikeRate","Barbed edges","2","4","false","4","0","0","0","6","0","0","0","0","0","3","0","3","","0.9113924050632912","0","0.9113924050632912","","0.6260869565217391","0","0.6260869565217391","",""
"Forge","spikeRate","Barbed edges","3","4","false","6","0","0","0","12","0","0","0","0","0","6","0","6","","1.8227848101265824","0","1.8227848101265824","","1.2521739130434781","0","1.2521739130434781","",""
"Forge","spikeRate","Barbed edges","4","4","true","8","1","0","0","20","1","0","0","0","0","10","0","10","","3.037974683544304","0","3.037974683544304","","2.0869565217391304","0","2.0869565217391304","",""
"Forge","wallStrength","Masonry","1","6","false","2","0","0","0","2","0","0","0","0","0","1","0","1","","0.3037974683544304","0","0.3037974683544304","","0.20869565217391303","0","0.20869565217391303","",""
"Forge","wallStrength","Masonry","2","6","false","4","0","0","0","6","0","0","0","0","0","3","0","3","","0.9113924050632912","0","0.9113924050632912","","0.6260869565217391","0","0.6260869565217391","",""
"Forge","wallStrength","Masonry","3","6","false","6","0","0","0","12","0","0","0","0","0","6","0","6","","1.8227848101265824","0","1.8227848101265824","","1.2521739130434781","0","1.2521739130434781","",""
"Forge","wallStrength","Masonry","4","6","false","8","1","0","0","20","1","0","0","0","0","10","0","10","","3.037974683544304","0","3.037974683544304","","2.0869565217391304","0","2.0869565217391304","",""
"Forge","wallStrength","Masonry","5","6","false","10","2","0","0","30","3","0","0","0","0","15","0","15","","4.556962025316456","0","4.556962025316456","","3.1304347826086953","0","3.1304347826086953","",""
"Forge","wallStrength","Masonry","6","6","true","12","3","1","0","42","6","1","0","0","0","21","0","21","","6.379746835443038","0","6.379746835443038","","4.3826086956521735","0","4.3826086956521735","",""
"Forge","keepStrength","Keep bastions","1","6","false","2","0","0","0","2","0","0","0","0","0","1","0","1","","0.3037974683544304","0","0.3037974683544304","","0.20869565217391303","0","0.20869565217391303","",""
"Forge","keepStrength","Keep bastions","2","6","false","4","0","0","0","6","0","0","0","0","0","3","0","3","","0.9113924050632912","0","0.9113924050632912","","0.6260869565217391","0","0.6260869565217391","",""
"Forge","keepStrength","Keep bastions","3","6","false","6","0","0","0","12","0","0","0","0","0","6","0","6","","1.8227848101265824","0","1.8227848101265824","","1.2521739130434781","0","1.2521739130434781","",""
"Forge","keepStrength","Keep bastions","4","6","false","8","1","0","0","20","1","0","0","0","0","10","0","10","","3.037974683544304","0","3.037974683544304","","2.0869565217391304","0","2.0869565217391304","",""
"Forge","keepStrength","Keep bastions","5","6","false","10","2","0","0","30","3","0","0","0","0","15","0","15","","4.556962025316456","0","4.556962025316456","","3.1304347826086953","0","3.1304347826086953","",""
"Forge","keepStrength","Keep bastions","6","6","true","12","3","1","0","42","6","1","0","0","0","21","0","21","","6.379746835443038","0","6.379746835443038","","4.3826086956521735","0","4.3826086956521735","",""
"Forge","civilianCount","Guild of builders","1","5","false","2","0","0","0","2","0","0","0","0","0","1","0","1","","0.3037974683544304","0","0.3037974683544304","","0.20869565217391303","0","0.20869565217391303","",""
"Forge","civilianCount","Guild of builders","2","5","false","4","0","0","0","6","0","0","0","0","0","3","0","3","","0.9113924050632912","0","0.9113924050632912","","0.6260869565217391","0","0.6260869565217391","",""
"Forge","civilianCount","Guild of builders","3","5","false","6","0","0","0","12","0","0","0","0","0","6","0","6","","1.8227848101265824","0","1.8227848101265824","","1.2521739130434781","0","1.2521739130434781","",""
"Forge","civilianCount","Guild of builders","4","5","false","8","1","0","0","20","1","0","0","0","0","10","0","10","","3.037974683544304","0","3.037974683544304","","2.0869565217391304","0","2.0869565217391304","",""
"Forge","civilianCount","Guild of builders","5","5","true","10","2","0","0","30","3","0","0","0","0","15","0","15","","4.556962025316456","0","4.556962025316456","","3.1304347826086953","0","3.1304347826086953","",""
"Forge","civilianHealth","Hardy folk","1","5","false","2","0","0","0","2","0","0","0","0","0","1","0","1","","0.3037974683544304","0","0.3037974683544304","","0.20869565217391303","0","0.20869565217391303","",""
"Forge","civilianHealth","Hardy folk","2","5","false","4","0","0","0","6","0","0","0","0","0","3","0","3","","0.9113924050632912","0","0.9113924050632912","","0.6260869565217391","0","0.6260869565217391","",""
"Forge","civilianHealth","Hardy folk","3","5","false","6","0","0","0","12","0","0","0","0","0","6","0","6","","1.8227848101265824","0","1.8227848101265824","","1.2521739130434781","0","1.2521739130434781","",""
"Forge","civilianHealth","Hardy folk","4","5","false","8","1","0","0","20","1","0","0","0","0","10","0","10","","3.037974683544304","0","3.037974683544304","","2.0869565217391304","0","2.0869565217391304","",""
"Forge","civilianHealth","Hardy folk","5","5","true","10","2","0","0","30","3","0","0","0","0","15","0","15","","4.556962025316456","0","4.556962025316456","","3.1304347826086953","0","3.1304347826086953","",""
"Forge","rebuildSpeed","Master masons","1","5","false","2","0","0","0","2","0","0","0","0","0","1","0","1","","0.3037974683544304","0","0.3037974683544304","","0.20869565217391303","0","0.20869565217391303","",""
"Forge","rebuildSpeed","Master masons","2","5","false","4","0","0","0","6","0","0","0","0","0","3","0","3","","0.9113924050632912","0","0.9113924050632912","","0.6260869565217391","0","0.6260869565217391","",""
"Forge","rebuildSpeed","Master masons","3","5","false","6","0","0","0","12","0","0","0","0","0","6","0","6","","1.8227848101265824","0","1.8227848101265824","","1.2521739130434781","0","1.2521739130434781","",""
"Forge","rebuildSpeed","Master masons","4","5","false","8","1","0","0","20","1","0","0","0","0","10","0","10","","3.037974683544304","0","3.037974683544304","","2.0869565217391304","0","2.0869565217391304","",""
"Forge","rebuildSpeed","Master masons","5","5","true","10","2","0","0","30","3","0","0","0","0","15","0","15","","4.556962025316456","0","4.556962025316456","","3.1304347826086953","0","3.1304347826086953","",""
"Forge","speed3","War drums","1","1","true","4","0","0","0","4","0","0","0","0","0","2","0","2","","0.6075949367088608","0","0.6075949367088608","","0.41739130434782606","0","0.41739130434782606","",""
"Smithy","troopHp","Troop HP","1","50","false","1","0","0","0","1","0","0","0","0","0.016666666666666666","0.5","0.016666666666666666","0.5","","0.1518987341772152","0.004830917874396136","0.1518987341772152","","0.10434782608695652","0.0019157088122605365","0.10434782608695652","","All smiths dedicated to this row; instantaneous requeue; production and infrastructure setup excluded"
"Smithy","troopHp","Troop HP","2","50","false","1","0","0","0","2","0","0","0","0","0.041666666666666664","1","0.041666666666666664","1","","0.3037974683544304","0.012077294685990338","0.3037974683544304","","0.20869565217391303","0.0047892720306513415","0.20869565217391303","","All smiths dedicated to this row; instantaneous requeue; production and infrastructure setup excluded"
"Smithy","troopHp","Troop HP","3","50","false","1","0","0","0","3","0","0","0","0","0.07916666666666666","1.5","0.07916666666666666","1.5","","0.4556962025316456","0.022946859903381644","0.4556962025316456","","0.31304347826086953","0.009099616858237548","0.31304347826086953","","All smiths dedicated to this row; instantaneous requeue; production and infrastructure setup excluded"
"Smithy","troopHp","Troop HP","4","50","false","1","0","0","0","4","0","0","0","0","0.13555555555555557","2","0.13555555555555557","2","","0.6075949367088608","0.0392914653784219","0.6075949367088608","","0.41739130434782606","0.015581098339719029","0.41739130434782606","","All smiths dedicated to this row; instantaneous requeue; production and infrastructure setup excluded"
"Smithy","troopHp","Troop HP","5","50","false","1","0","0","0","5","0","0","0","0","0.22","2.5","0.22","2.5","","0.759493670886076","0.063768115942029","0.759493670886076","","0.5217391304347826","0.025287356321839084","0.5217391304347826","","All smiths dedicated to this row; instantaneous requeue; production and infrastructure setup excluded"
"Smithy","troopHp","Troop HP","6","50","false","1","0","0","0","6","0","0","0","0","0.3466666666666667","3","0.3466666666666667","3","","0.9113924050632912","0.10048309178743962","0.9113924050632912","","0.6260869565217391","0.03984674329501916","0.6260869565217391","","All smiths dedicated to this row; instantaneous requeue; production and infrastructure setup excluded"
"Smithy","troopHp","Troop HP","7","50","false","1","0","0","0","7","0","0","0","0","0.5363888888888889","3.5","0.5363888888888889","3.5","","1.0632911392405064","0.15547504025764897","1.0632911392405064","","0.7304347826086957","0.061653895274584924","0.7304347826086957","","All smiths dedicated to this row; instantaneous requeue; production and infrastructure setup excluded"
"Smithy","troopHp","Troop HP","8","50","false","1","0","0","0","8","0","0","0","0","0.8211111111111111","4","0.8211111111111111","4","","1.2151898734177216","0.23800322061191628","1.2151898734177216","","0.8347826086956521","0.09438058748403577","0.8347826086956521","","All smiths dedicated to this row; instantaneous requeue; production and infrastructure setup excluded"
"Smithy","troopHp","Troop HP","9","50","false","1","0","0","0","9","0","0","0","0","1.2483333333333333","4.5","1.2483333333333333","4.5","","1.3670886075949367","0.36183574879227054","1.3670886075949367","","0.9391304347826086","0.14348659003831418","0.9391304347826086","","All smiths dedicated to this row; instantaneous requeue; production and infrastructure setup excluded"
"Smithy","troopHp","Troop HP","10","50","false","1","0","0","0","10","0","0","0","0","1.8891666666666667","5","1.8891666666666667","5","","1.518987341772152","0.547584541062802","1.518987341772152","","1.0434782608695652","0.2171455938697318","1.0434782608695652","","All smiths dedicated to this row; instantaneous requeue; production and infrastructure setup excluded"
"Smithy","troopHp","Troop HP","11","50","false","0","1","0","0","10","1","0","0","0","2.850277777777778","5","2.850277777777778","5","","1.518987341772152","0.8261674718196458","1.518987341772152","","1.0434782608695652","0.32761813537675605","1.0434782608695652","","All smiths dedicated to this row; instantaneous requeue; production and infrastructure setup excluded"
"Smithy","troopHp","Troop HP","12","50","false","0","1","0","0","10","2","0","0","0","4.291944444444445","5","4.291944444444445","5","","1.518987341772152","1.2440418679549115","1.518987341772152","","1.0434782608695652","0.49332694763729246","1.0434782608695652","","All smiths dedicated to this row; instantaneous requeue; production and infrastructure setup excluded"
"Smithy","troopHp","Troop HP","13","50","false","0","1","0","0","10","3","0","0","0","6.454444444444444","5","6.454444444444444","6.454444444444444","","1.518987341772152","1.87085346215781","1.87085346215781","","1.0434782608695652","0.741890166028097","1.0434782608695652","","All smiths dedicated to this row; instantaneous requeue; production and infrastructure setup excluded"
"Smithy","troopHp","Troop HP","14","50","false","0","1","0","0","10","4","0","0","0","9.698055555555555","5","9.698055555555555","9.698055555555555","","1.518987341772152","2.8110305958132042","2.8110305958132042","","1.0434782608695652","1.1147190293742018","1.1147190293742018","","All smiths dedicated to this row; instantaneous requeue; production and infrastructure setup excluded"
"Smithy","troopHp","Troop HP","15","50","false","0","1","0","0","10","5","0","0","0","14.563611111111111","5","14.563611111111111","14.563611111111111","","1.518987341772152","4.22133655394525","4.22133655394525","","1.0434782608695652","1.6739782886334609","1.6739782886334609","","All smiths dedicated to this row; instantaneous requeue; production and infrastructure setup excluded"
"Smithy","troopHp","Troop HP","16","50","false","0","1","0","0","10","6","0","0","0","21.861944444444443","5","21.861944444444443","21.861944444444443","","1.518987341772152","6.3367954911433175","6.3367954911433175","","1.0434782608695652","2.5128671775223497","2.5128671775223497","","All smiths dedicated to this row; instantaneous requeue; production and infrastructure setup excluded"
"Smithy","troopHp","Troop HP","17","50","false","0","1","0","0","10","7","0","0","0","32.80916666666667","5","32.80916666666667","32.80916666666667","","1.518987341772152","9.509903381642513","9.509903381642513","","1.0434782608695652","3.7711685823754793","3.7711685823754793","","All smiths dedicated to this row; instantaneous requeue; production and infrastructure setup excluded"
"Smithy","troopHp","Troop HP","18","50","false","0","1","0","0","10","8","0","0","0","49.23027777777778","5","49.23027777777778","49.23027777777778","","1.518987341772152","14.269645732689213","14.269645732689213","","1.0434782608695652","5.658652618135377","5.658652618135377","","All smiths dedicated to this row; instantaneous requeue; production and infrastructure setup excluded"
"Smithy","troopHp","Troop HP","19","50","false","0","1","0","0","10","9","0","0","0","73.86194444444445","5","73.86194444444445","73.86194444444445","","1.588235294117647","21.409259259259258","21.409259259259258","","1.1739130434782608","8.489878671775223","8.489878671775223","","All smiths dedicated to this row; instantaneous requeue; production and infrastructure setup excluded"
"Smithy","troopHp","Troop HP","20","50","false","0","1","0","0","10","10","0","0","0","110.80916666666667","5.454545454545455","110.80916666666667","110.80916666666667","","1.7647058823529411","32.11859903381642","32.11859903381642","","1.3043478260869565","12.73668582375479","12.73668582375479","","All smiths dedicated to this row; instantaneous requeue; production and infrastructure setup excluded"
"Smithy","troopHp","Troop HP","21","50","false","0","1","0","0","10","11","0","0","0","166.23","6","166.23","166.23","","1.9411764705882353","48.18260869565218","48.18260869565218","","1.434782608695652","19.106896551724137","19.106896551724137","","All smiths dedicated to this row; instantaneous requeue; production and infrastructure setup excluded"
"Smithy","troopHp","Troop HP","22","50","false","0","1","0","0","10","12","0","0","0","249.36138888888888","6.545454545454546","249.36138888888888","249.36138888888888","","2.1176470588235294","72.27866344605476","72.27866344605476","","1.5652173913043477","28.66222860791827","28.66222860791827","","All smiths dedicated to this row; instantaneous requeue; production and infrastructure setup excluded"
"Smithy","troopHp","Troop HP","23","50","false","0","1","0","0","10","13","0","0","0","374.05861111111113","7.090909090909091","374.05861111111113","374.05861111111113","","2.2941176470588234","108.42278582930757","108.42278582930757","","1.6956521739130435","42.995242656449555","42.995242656449555","","All smiths dedicated to this row; instantaneous requeue; production and infrastructure setup excluded"
"Smithy","troopHp","Troop HP","24","50","false","0","1","0","0","10","14","0","0","0","561.1041666666666","7.636363636363637","561.1041666666666","561.1041666666666","","2.4705882352941173","162.63888888888889","162.63888888888889","","1.826086956521739","64.49473180076629","64.49473180076629","","All smiths dedicated to this row; instantaneous requeue; production and infrastructure setup excluded"
"Smithy","troopHp","Troop HP","25","50","false","0","1","0","0","10","15","0","0","0","841.6727777777778","8.181818181818182","841.6727777777778","841.6727777777778","","2.6470588235294117","243.96312399355878","243.96312399355878","","1.9565217391304348","96.74399744572159","96.74399744572159","","All smiths dedicated to this row; instantaneous requeue; production and infrastructure setup excluded"
"Smithy","troopHp","Troop HP","26","50","false","0","0","1","0","10","15","1","0","0","1262.5255555555555","8.181818181818182","1262.5255555555555","1262.5255555555555","","2.6470588235294117","365.9494363929147","365.9494363929147","","1.9565217391304348","145.11787994891444","145.11787994891444","","All smiths dedicated to this row; instantaneous requeue; production and infrastructure setup excluded"
"Smithy","troopHp","Troop HP","27","50","false","0","0","1","0","10","15","2","0","0","1893.8047222222222","8.181818181818182","1893.8047222222222","1893.8047222222222","","2.6470588235294117","548.9289049919485","548.9289049919485","","1.9565217391304348","217.6787037037037","217.6787037037037","","All smiths dedicated to this row; instantaneous requeue; production and infrastructure setup excluded"
"Smithy","troopHp","Troop HP","28","50","false","0","0","1","0","10","15","3","0","0","2840.723611111111","8.181818181818182","2840.723611111111","2840.723611111111","","2.6470588235294117","823.3981481481482","823.3981481481482","","1.9565217391304348","326.5199553001278","326.5199553001278","","All smiths dedicated to this row; instantaneous requeue; production and infrastructure setup excluded"
"Smithy","troopHp","Troop HP","29","50","false","0","0","1","0","10","15","4","0","0","4261.101944444445","8.181818181818182","4261.101944444445","4261.101944444445","","2.6470588235294117","1235.1020128824478","1235.1020128824478","","1.9565217391304348","489.7818326947637","489.7818326947637","","All smiths dedicated to this row; instantaneous requeue; production and infrastructure setup excluded"
"Smithy","troopHp","Troop HP","30","50","false","0","0","1","0","10","15","5","0","0","6391.669166666667","8.181818181818182","6391.669166666667","6391.669166666667","","2.6470588235294117","1852.6577294685992","1852.6577294685992","","1.9565217391304348","734.6746168582375","734.6746168582375","","All smiths dedicated to this row; instantaneous requeue; production and infrastructure setup excluded"
"Smithy","troopHp","Troop HP","31","50","false","0","0","1","0","10","15","6","0","0","9587.520277777778","8.181818181818182","9587.520277777778","9587.520277777778","","2.6470588235294117","2778.9913848631245","2778.9913848631245","","1.9565217391304348","1102.0138250319285","1102.0138250319285","","All smiths dedicated to this row; instantaneous requeue; production and infrastructure setup excluded"
"Smithy","troopHp","Troop HP","32","50","false","0","0","1","0","10","15","7","0","0","14381.296666666667","8.181818181818182","14381.296666666667","14381.296666666667","","2.6470588235294117","4168.491787439613","4168.491787439613","","1.9565217391304348","1653.022605363985","1653.022605363985","","All smiths dedicated to this row; instantaneous requeue; production and infrastructure setup excluded"
"Smithy","troopHp","Troop HP","33","50","false","0","0","1","0","10","15","8","0","0","21571.96138888889","8.181818181818182","21571.96138888889","21571.96138888889","","2.6470588235294117","6252.742431561997","6252.742431561997","","1.9565217391304348","2479.5357918263094","2479.5357918263094","","All smiths dedicated to this row; instantaneous requeue; production and infrastructure setup excluded"
"Smithy","troopHp","Troop HP","34","50","false","0","0","1","0","10","15","9","0","0","30331.96138888889","8.181818181818182","30331.96138888889","30331.96138888889","","2.6470588235294117","8791.872866344605","8791.872866344605","","1.9565217391304348","3486.432343550447","3486.432343550447","","All smiths dedicated to this row; instantaneous requeue; production and infrastructure setup excluded"
"Smithy","troopHp","Troop HP","35","50","false","0","0","1","0","10","15","10","0","0","39091.961388888885","8.181818181818182","39091.961388888885","39091.961388888885","","2.6470588235294117","11331.003301127213","11331.003301127213","","1.9565217391304348","4493.328895274585","4493.328895274585","","All smiths dedicated to this row; instantaneous requeue; production and infrastructure setup excluded"
"Smithy","troopHp","Troop HP","36","50","false","0","0","1","0","10","15","11","0","0","47851.961388888885","8.181818181818182","47851.961388888885","47851.961388888885","","2.6470588235294117","13870.133735909823","13870.133735909823","","1.9565217391304348","5500.225446998723","5500.225446998723","","All smiths dedicated to this row; instantaneous requeue; production and infrastructure setup excluded"
"Smithy","troopHp","Troop HP","37","50","false","0","0","1","0","10","15","12","0","0","56611.961388888885","8.181818181818182","56611.961388888885","56611.961388888885","","2.6470588235294117","16409.264170692433","16409.264170692433","","1.9565217391304348","6507.1219987228615","6507.1219987228615","","All smiths dedicated to this row; instantaneous requeue; production and infrastructure setup excluded"
"Smithy","troopHp","Troop HP","38","50","false","0","0","1","0","10","15","13","0","0","65371.961388888885","8.210526315789474","65371.961388888885","65371.961388888885","","2.6470588235294117","18948.394605475045","18948.394605475045","","1.9565217391304348","7514.018550446999","7514.018550446999","","All smiths dedicated to this row; instantaneous requeue; production and infrastructure setup excluded"
"Smithy","troopHp","Troop HP","39","50","false","0","0","1","0","10","15","14","0","0","74131.96138888889","8.842105263157896","74131.96138888889","74131.96138888889","","2.6470588235294117","21487.525040257653","21487.525040257653","","1.9565217391304348","8520.915102171137","8520.915102171137","","All smiths dedicated to this row; instantaneous requeue; production and infrastructure setup excluded"
"Smithy","troopHp","Troop HP","40","50","false","0","0","1","0","10","15","15","0","0","82891.96138888889","9.473684210526317","82891.96138888889","82891.96138888889","","2.6470588235294117","24026.65547504026","24026.65547504026","","1.9565217391304348","9527.811653895275","9527.811653895275","","All smiths dedicated to this row; instantaneous requeue; production and infrastructure setup excluded"
"Smithy","troopHp","Troop HP","41","50","false","0","0","1","0","10","15","16","0","0","91651.96138888889","10.105263157894738","91651.96138888889","91651.96138888889","","2.6470588235294117","26565.78590982287","26565.78590982287","","1.9565217391304348","10534.708205619412","10534.708205619412","","All smiths dedicated to this row; instantaneous requeue; production and infrastructure setup excluded"
"Smithy","troopHp","Troop HP","42","50","false","0","0","1","0","10","15","17","0","0","100411.96138888889","10.736842105263158","100411.96138888889","100411.96138888889","","2.6470588235294117","29104.916344605477","29104.916344605477","","1.9565217391304348","11541.604757343552","11541.604757343552","","All smiths dedicated to this row; instantaneous requeue; production and infrastructure setup excluded"
"Smithy","troopHp","Troop HP","43","50","false","0","0","1","0","10","15","18","0","0","109171.96138888889","11.368421052631579","109171.96138888889","109171.96138888889","","2.6470588235294117","31644.046779388085","31644.046779388085","","1.9565217391304348","12548.50130906769","12548.50130906769","","All smiths dedicated to this row; instantaneous requeue; production and infrastructure setup excluded"
"Smithy","troopHp","Troop HP","44","50","false","0","0","1","0","10","15","19","0","0","117931.96138888889","12","117931.96138888889","117931.96138888889","","2.7142857142857144","34183.1772141707","34183.1772141707","","1.9565217391304348","13555.397860791825","13555.397860791825","","All smiths dedicated to this row; instantaneous requeue; production and infrastructure setup excluded"
"Smithy","troopHp","Troop HP","45","50","false","0","0","1","0","10","15","20","0","0","126691.96138888889","12.631578947368421","126691.96138888889","126691.96138888889","","2.857142857142857","36722.307648953305","36722.307648953305","","1.9565217391304348","14562.294412515965","14562.294412515965","","All smiths dedicated to this row; instantaneous requeue; production and infrastructure setup excluded"
"Smithy","troopHp","Troop HP","46","50","false","0","0","1","0","10","15","21","0","0","135451.96138888889","13.263157894736842","135451.96138888889","135451.96138888889","","3","39261.43808373591","39261.43808373591","","1.9565217391304348","15569.190964240102","15569.190964240102","","All smiths dedicated to this row; instantaneous requeue; production and infrastructure setup excluded"
"Smithy","troopHp","Troop HP","47","50","false","0","0","1","0","10","15","22","0","0","144211.96138888889","13.894736842105264","144211.96138888889","144211.96138888889","","3.142857142857143","41800.568518518514","41800.568518518514","","1.9565217391304348","16576.08751596424","16576.08751596424","","All smiths dedicated to this row; instantaneous requeue; production and infrastructure setup excluded"
"Smithy","troopHp","Troop HP","48","50","false","0","0","1","0","10","15","23","0","0","152971.96138888889","14.526315789473685","152971.96138888889","152971.96138888889","","3.2857142857142856","44339.69895330113","44339.69895330113","","1.9565217391304348","17582.984067688376","17582.984067688376","","All smiths dedicated to this row; instantaneous requeue; production and infrastructure setup excluded"
"Smithy","troopHp","Troop HP","49","50","false","0","0","1","0","10","15","24","0","0","161731.96138888889","15.157894736842106","161731.96138888889","161731.96138888889","","3.4285714285714284","46878.829388083745","46878.829388083745","","2","18589.880619412517","18589.880619412517","","All smiths dedicated to this row; instantaneous requeue; production and infrastructure setup excluded"
"Smithy","troopHp","Troop HP","50","50","true","0","0","1","0","10","15","25","0","0","170491.96138888889","15.789473684210527","170491.96138888889","170491.96138888889","","3.5714285714285716","49417.959822866345","49417.959822866345","","2.0833333333333335","19596.777171136655","19596.777171136655","","All smiths dedicated to this row; instantaneous requeue; production and infrastructure setup excluded"
"Smithy","troopDamage","Troop damage","1","50","false","1","0","0","0","1","0","0","0","0","0.016666666666666666","0.5","0.016666666666666666","0.5","","0.1518987341772152","0.004830917874396136","0.1518987341772152","","0.10434782608695652","0.0019157088122605365","0.10434782608695652","","All smiths dedicated to this row; instantaneous requeue; production and infrastructure setup excluded"
"Smithy","troopDamage","Troop damage","2","50","false","1","0","0","0","2","0","0","0","0","0.041666666666666664","1","0.041666666666666664","1","","0.3037974683544304","0.012077294685990338","0.3037974683544304","","0.20869565217391303","0.0047892720306513415","0.20869565217391303","","All smiths dedicated to this row; instantaneous requeue; production and infrastructure setup excluded"
"Smithy","troopDamage","Troop damage","3","50","false","1","0","0","0","3","0","0","0","0","0.07916666666666666","1.5","0.07916666666666666","1.5","","0.4556962025316456","0.022946859903381644","0.4556962025316456","","0.31304347826086953","0.009099616858237548","0.31304347826086953","","All smiths dedicated to this row; instantaneous requeue; production and infrastructure setup excluded"
"Smithy","troopDamage","Troop damage","4","50","false","1","0","0","0","4","0","0","0","0","0.13555555555555557","2","0.13555555555555557","2","","0.6075949367088608","0.0392914653784219","0.6075949367088608","","0.41739130434782606","0.015581098339719029","0.41739130434782606","","All smiths dedicated to this row; instantaneous requeue; production and infrastructure setup excluded"
"Smithy","troopDamage","Troop damage","5","50","false","1","0","0","0","5","0","0","0","0","0.22","2.5","0.22","2.5","","0.759493670886076","0.063768115942029","0.759493670886076","","0.5217391304347826","0.025287356321839084","0.5217391304347826","","All smiths dedicated to this row; instantaneous requeue; production and infrastructure setup excluded"
"Smithy","troopDamage","Troop damage","6","50","false","1","0","0","0","6","0","0","0","0","0.3466666666666667","3","0.3466666666666667","3","","0.9113924050632912","0.10048309178743962","0.9113924050632912","","0.6260869565217391","0.03984674329501916","0.6260869565217391","","All smiths dedicated to this row; instantaneous requeue; production and infrastructure setup excluded"
"Smithy","troopDamage","Troop damage","7","50","false","1","0","0","0","7","0","0","0","0","0.5363888888888889","3.5","0.5363888888888889","3.5","","1.0632911392405064","0.15547504025764897","1.0632911392405064","","0.7304347826086957","0.061653895274584924","0.7304347826086957","","All smiths dedicated to this row; instantaneous requeue; production and infrastructure setup excluded"
"Smithy","troopDamage","Troop damage","8","50","false","1","0","0","0","8","0","0","0","0","0.8211111111111111","4","0.8211111111111111","4","","1.2151898734177216","0.23800322061191628","1.2151898734177216","","0.8347826086956521","0.09438058748403577","0.8347826086956521","","All smiths dedicated to this row; instantaneous requeue; production and infrastructure setup excluded"
"Smithy","troopDamage","Troop damage","9","50","false","1","0","0","0","9","0","0","0","0","1.2483333333333333","4.5","1.2483333333333333","4.5","","1.3670886075949367","0.36183574879227054","1.3670886075949367","","0.9391304347826086","0.14348659003831418","0.9391304347826086","","All smiths dedicated to this row; instantaneous requeue; production and infrastructure setup excluded"
"Smithy","troopDamage","Troop damage","10","50","false","1","0","0","0","10","0","0","0","0","1.8891666666666667","5","1.8891666666666667","5","","1.518987341772152","0.547584541062802","1.518987341772152","","1.0434782608695652","0.2171455938697318","1.0434782608695652","","All smiths dedicated to this row; instantaneous requeue; production and infrastructure setup excluded"
"Smithy","troopDamage","Troop damage","11","50","false","0","1","0","0","10","1","0","0","0","2.850277777777778","5","2.850277777777778","5","","1.518987341772152","0.8261674718196458","1.518987341772152","","1.0434782608695652","0.32761813537675605","1.0434782608695652","","All smiths dedicated to this row; instantaneous requeue; production and infrastructure setup excluded"
"Smithy","troopDamage","Troop damage","12","50","false","0","1","0","0","10","2","0","0","0","4.291944444444445","5","4.291944444444445","5","","1.518987341772152","1.2440418679549115","1.518987341772152","","1.0434782608695652","0.49332694763729246","1.0434782608695652","","All smiths dedicated to this row; instantaneous requeue; production and infrastructure setup excluded"
"Smithy","troopDamage","Troop damage","13","50","false","0","1","0","0","10","3","0","0","0","6.454444444444444","5","6.454444444444444","6.454444444444444","","1.518987341772152","1.87085346215781","1.87085346215781","","1.0434782608695652","0.741890166028097","1.0434782608695652","","All smiths dedicated to this row; instantaneous requeue; production and infrastructure setup excluded"
"Smithy","troopDamage","Troop damage","14","50","false","0","1","0","0","10","4","0","0","0","9.698055555555555","5","9.698055555555555","9.698055555555555","","1.518987341772152","2.8110305958132042","2.8110305958132042","","1.0434782608695652","1.1147190293742018","1.1147190293742018","","All smiths dedicated to this row; instantaneous requeue; production and infrastructure setup excluded"
"Smithy","troopDamage","Troop damage","15","50","false","0","1","0","0","10","5","0","0","0","14.563611111111111","5","14.563611111111111","14.563611111111111","","1.518987341772152","4.22133655394525","4.22133655394525","","1.0434782608695652","1.6739782886334609","1.6739782886334609","","All smiths dedicated to this row; instantaneous requeue; production and infrastructure setup excluded"
"Smithy","troopDamage","Troop damage","16","50","false","0","1","0","0","10","6","0","0","0","21.861944444444443","5","21.861944444444443","21.861944444444443","","1.518987341772152","6.3367954911433175","6.3367954911433175","","1.0434782608695652","2.5128671775223497","2.5128671775223497","","All smiths dedicated to this row; instantaneous requeue; production and infrastructure setup excluded"
"Smithy","troopDamage","Troop damage","17","50","false","0","1","0","0","10","7","0","0","0","32.80916666666667","5","32.80916666666667","32.80916666666667","","1.518987341772152","9.509903381642513","9.509903381642513","","1.0434782608695652","3.7711685823754793","3.7711685823754793","","All smiths dedicated to this row; instantaneous requeue; production and infrastructure setup excluded"
"Smithy","troopDamage","Troop damage","18","50","false","0","1","0","0","10","8","0","0","0","49.23027777777778","5","49.23027777777778","49.23027777777778","","1.518987341772152","14.269645732689213","14.269645732689213","","1.0434782608695652","5.658652618135377","5.658652618135377","","All smiths dedicated to this row; instantaneous requeue; production and infrastructure setup excluded"
"Smithy","troopDamage","Troop damage","19","50","false","0","1","0","0","10","9","0","0","0","73.86194444444445","5","73.86194444444445","73.86194444444445","","1.588235294117647","21.409259259259258","21.409259259259258","","1.1739130434782608","8.489878671775223","8.489878671775223","","All smiths dedicated to this row; instantaneous requeue; production and infrastructure setup excluded"
"Smithy","troopDamage","Troop damage","20","50","false","0","1","0","0","10","10","0","0","0","110.80916666666667","5.454545454545455","110.80916666666667","110.80916666666667","","1.7647058823529411","32.11859903381642","32.11859903381642","","1.3043478260869565","12.73668582375479","12.73668582375479","","All smiths dedicated to this row; instantaneous requeue; production and infrastructure setup excluded"
"Smithy","troopDamage","Troop damage","21","50","false","0","1","0","0","10","11","0","0","0","166.23","6","166.23","166.23","","1.9411764705882353","48.18260869565218","48.18260869565218","","1.434782608695652","19.106896551724137","19.106896551724137","","All smiths dedicated to this row; instantaneous requeue; production and infrastructure setup excluded"
"Smithy","troopDamage","Troop damage","22","50","false","0","1","0","0","10","12","0","0","0","249.36138888888888","6.545454545454546","249.36138888888888","249.36138888888888","","2.1176470588235294","72.27866344605476","72.27866344605476","","1.5652173913043477","28.66222860791827","28.66222860791827","","All smiths dedicated to this row; instantaneous requeue; production and infrastructure setup excluded"
"Smithy","troopDamage","Troop damage","23","50","false","0","1","0","0","10","13","0","0","0","374.05861111111113","7.090909090909091","374.05861111111113","374.05861111111113","","2.2941176470588234","108.42278582930757","108.42278582930757","","1.6956521739130435","42.995242656449555","42.995242656449555","","All smiths dedicated to this row; instantaneous requeue; production and infrastructure setup excluded"
"Smithy","troopDamage","Troop damage","24","50","false","0","1","0","0","10","14","0","0","0","561.1041666666666","7.636363636363637","561.1041666666666","561.1041666666666","","2.4705882352941173","162.63888888888889","162.63888888888889","","1.826086956521739","64.49473180076629","64.49473180076629","","All smiths dedicated to this row; instantaneous requeue; production and infrastructure setup excluded"
"Smithy","troopDamage","Troop damage","25","50","false","0","1","0","0","10","15","0","0","0","841.6727777777778","8.181818181818182","841.6727777777778","841.6727777777778","","2.6470588235294117","243.96312399355878","243.96312399355878","","1.9565217391304348","96.74399744572159","96.74399744572159","","All smiths dedicated to this row; instantaneous requeue; production and infrastructure setup excluded"
"Smithy","troopDamage","Troop damage","26","50","false","0","0","1","0","10","15","1","0","0","1262.5255555555555","8.181818181818182","1262.5255555555555","1262.5255555555555","","2.6470588235294117","365.9494363929147","365.9494363929147","","1.9565217391304348","145.11787994891444","145.11787994891444","","All smiths dedicated to this row; instantaneous requeue; production and infrastructure setup excluded"
"Smithy","troopDamage","Troop damage","27","50","false","0","0","1","0","10","15","2","0","0","1893.8047222222222","8.181818181818182","1893.8047222222222","1893.8047222222222","","2.6470588235294117","548.9289049919485","548.9289049919485","","1.9565217391304348","217.6787037037037","217.6787037037037","","All smiths dedicated to this row; instantaneous requeue; production and infrastructure setup excluded"
"Smithy","troopDamage","Troop damage","28","50","false","0","0","1","0","10","15","3","0","0","2840.723611111111","8.181818181818182","2840.723611111111","2840.723611111111","","2.6470588235294117","823.3981481481482","823.3981481481482","","1.9565217391304348","326.5199553001278","326.5199553001278","","All smiths dedicated to this row; instantaneous requeue; production and infrastructure setup excluded"
"Smithy","troopDamage","Troop damage","29","50","false","0","0","1","0","10","15","4","0","0","4261.101944444445","8.181818181818182","4261.101944444445","4261.101944444445","","2.6470588235294117","1235.1020128824478","1235.1020128824478","","1.9565217391304348","489.7818326947637","489.7818326947637","","All smiths dedicated to this row; instantaneous requeue; production and infrastructure setup excluded"
"Smithy","troopDamage","Troop damage","30","50","false","0","0","1","0","10","15","5","0","0","6391.669166666667","8.181818181818182","6391.669166666667","6391.669166666667","","2.6470588235294117","1852.6577294685992","1852.6577294685992","","1.9565217391304348","734.6746168582375","734.6746168582375","","All smiths dedicated to this row; instantaneous requeue; production and infrastructure setup excluded"
"Smithy","troopDamage","Troop damage","31","50","false","0","0","1","0","10","15","6","0","0","9587.520277777778","8.181818181818182","9587.520277777778","9587.520277777778","","2.6470588235294117","2778.9913848631245","2778.9913848631245","","1.9565217391304348","1102.0138250319285","1102.0138250319285","","All smiths dedicated to this row; instantaneous requeue; production and infrastructure setup excluded"
"Smithy","troopDamage","Troop damage","32","50","false","0","0","1","0","10","15","7","0","0","14381.296666666667","8.181818181818182","14381.296666666667","14381.296666666667","","2.6470588235294117","4168.491787439613","4168.491787439613","","1.9565217391304348","1653.022605363985","1653.022605363985","","All smiths dedicated to this row; instantaneous requeue; production and infrastructure setup excluded"
"Smithy","troopDamage","Troop damage","33","50","false","0","0","1","0","10","15","8","0","0","21571.96138888889","8.181818181818182","21571.96138888889","21571.96138888889","","2.6470588235294117","6252.742431561997","6252.742431561997","","1.9565217391304348","2479.5357918263094","2479.5357918263094","","All smiths dedicated to this row; instantaneous requeue; production and infrastructure setup excluded"
"Smithy","troopDamage","Troop damage","34","50","false","0","0","1","0","10","15","9","0","0","30331.96138888889","8.181818181818182","30331.96138888889","30331.96138888889","","2.6470588235294117","8791.872866344605","8791.872866344605","","1.9565217391304348","3486.432343550447","3486.432343550447","","All smiths dedicated to this row; instantaneous requeue; production and infrastructure setup excluded"
"Smithy","troopDamage","Troop damage","35","50","false","0","0","1","0","10","15","10","0","0","39091.961388888885","8.181818181818182","39091.961388888885","39091.961388888885","","2.6470588235294117","11331.003301127213","11331.003301127213","","1.9565217391304348","4493.328895274585","4493.328895274585","","All smiths dedicated to this row; instantaneous requeue; production and infrastructure setup excluded"
"Smithy","troopDamage","Troop damage","36","50","false","0","0","1","0","10","15","11","0","0","47851.961388888885","8.181818181818182","47851.961388888885","47851.961388888885","","2.6470588235294117","13870.133735909823","13870.133735909823","","1.9565217391304348","5500.225446998723","5500.225446998723","","All smiths dedicated to this row; instantaneous requeue; production and infrastructure setup excluded"
"Smithy","troopDamage","Troop damage","37","50","false","0","0","1","0","10","15","12","0","0","56611.961388888885","8.181818181818182","56611.961388888885","56611.961388888885","","2.6470588235294117","16409.264170692433","16409.264170692433","","1.9565217391304348","6507.1219987228615","6507.1219987228615","","All smiths dedicated to this row; instantaneous requeue; production and infrastructure setup excluded"
"Smithy","troopDamage","Troop damage","38","50","false","0","0","1","0","10","15","13","0","0","65371.961388888885","8.210526315789474","65371.961388888885","65371.961388888885","","2.6470588235294117","18948.394605475045","18948.394605475045","","1.9565217391304348","7514.018550446999","7514.018550446999","","All smiths dedicated to this row; instantaneous requeue; production and infrastructure setup excluded"
"Smithy","troopDamage","Troop damage","39","50","false","0","0","1","0","10","15","14","0","0","74131.96138888889","8.842105263157896","74131.96138888889","74131.96138888889","","2.6470588235294117","21487.525040257653","21487.525040257653","","1.9565217391304348","8520.915102171137","8520.915102171137","","All smiths dedicated to this row; instantaneous requeue; production and infrastructure setup excluded"
"Smithy","troopDamage","Troop damage","40","50","false","0","0","1","0","10","15","15","0","0","82891.96138888889","9.473684210526317","82891.96138888889","82891.96138888889","","2.6470588235294117","24026.65547504026","24026.65547504026","","1.9565217391304348","9527.811653895275","9527.811653895275","","All smiths dedicated to this row; instantaneous requeue; production and infrastructure setup excluded"
"Smithy","troopDamage","Troop damage","41","50","false","0","0","1","0","10","15","16","0","0","91651.96138888889","10.105263157894738","91651.96138888889","91651.96138888889","","2.6470588235294117","26565.78590982287","26565.78590982287","","1.9565217391304348","10534.708205619412","10534.708205619412","","All smiths dedicated to this row; instantaneous requeue; production and infrastructure setup excluded"
"Smithy","troopDamage","Troop damage","42","50","false","0","0","1","0","10","15","17","0","0","100411.96138888889","10.736842105263158","100411.96138888889","100411.96138888889","","2.6470588235294117","29104.916344605477","29104.916344605477","","1.9565217391304348","11541.604757343552","11541.604757343552","","All smiths dedicated to this row; instantaneous requeue; production and infrastructure setup excluded"
"Smithy","troopDamage","Troop damage","43","50","false","0","0","1","0","10","15","18","0","0","109171.96138888889","11.368421052631579","109171.96138888889","109171.96138888889","","2.6470588235294117","31644.046779388085","31644.046779388085","","1.9565217391304348","12548.50130906769","12548.50130906769","","All smiths dedicated to this row; instantaneous requeue; production and infrastructure setup excluded"
"Smithy","troopDamage","Troop damage","44","50","false","0","0","1","0","10","15","19","0","0","117931.96138888889","12","117931.96138888889","117931.96138888889","","2.7142857142857144","34183.1772141707","34183.1772141707","","1.9565217391304348","13555.397860791825","13555.397860791825","","All smiths dedicated to this row; instantaneous requeue; production and infrastructure setup excluded"
"Smithy","troopDamage","Troop damage","45","50","false","0","0","1","0","10","15","20","0","0","126691.96138888889","12.631578947368421","126691.96138888889","126691.96138888889","","2.857142857142857","36722.307648953305","36722.307648953305","","1.9565217391304348","14562.294412515965","14562.294412515965","","All smiths dedicated to this row; instantaneous requeue; production and infrastructure setup excluded"
"Smithy","troopDamage","Troop damage","46","50","false","0","0","1","0","10","15","21","0","0","135451.96138888889","13.263157894736842","135451.96138888889","135451.96138888889","","3","39261.43808373591","39261.43808373591","","1.9565217391304348","15569.190964240102","15569.190964240102","","All smiths dedicated to this row; instantaneous requeue; production and infrastructure setup excluded"
"Smithy","troopDamage","Troop damage","47","50","false","0","0","1","0","10","15","22","0","0","144211.96138888889","13.894736842105264","144211.96138888889","144211.96138888889","","3.142857142857143","41800.568518518514","41800.568518518514","","1.9565217391304348","16576.08751596424","16576.08751596424","","All smiths dedicated to this row; instantaneous requeue; production and infrastructure setup excluded"
"Smithy","troopDamage","Troop damage","48","50","false","0","0","1","0","10","15","23","0","0","152971.96138888889","14.526315789473685","152971.96138888889","152971.96138888889","","3.2857142857142856","44339.69895330113","44339.69895330113","","1.9565217391304348","17582.984067688376","17582.984067688376","","All smiths dedicated to this row; instantaneous requeue; production and infrastructure setup excluded"
"Smithy","troopDamage","Troop damage","49","50","false","0","0","1","0","10","15","24","0","0","161731.96138888889","15.157894736842106","161731.96138888889","161731.96138888889","","3.4285714285714284","46878.829388083745","46878.829388083745","","2","18589.880619412517","18589.880619412517","","All smiths dedicated to this row; instantaneous requeue; production and infrastructure setup excluded"
"Smithy","troopDamage","Troop damage","50","50","true","0","0","1","0","10","15","25","0","0","170491.96138888889","15.789473684210527","170491.96138888889","170491.96138888889","","3.5714285714285716","49417.959822866345","49417.959822866345","","2.0833333333333335","19596.777171136655","19596.777171136655","","All smiths dedicated to this row; instantaneous requeue; production and infrastructure setup excluded"
"Smithy","drill","Drill speed","1","30","false","1","0","0","0","1","0","0","0","0","0.016666666666666666","0.5","0.016666666666666666","0.5","","0.1518987341772152","0.004830917874396136","0.1518987341772152","","0.10434782608695652","0.0019157088122605365","0.10434782608695652","","All smiths dedicated to this row; instantaneous requeue; production and infrastructure setup excluded"
"Smithy","drill","Drill speed","2","30","false","1","0","0","0","2","0","0","0","0","0.041666666666666664","1","0.041666666666666664","1","","0.3037974683544304","0.012077294685990338","0.3037974683544304","","0.20869565217391303","0.0047892720306513415","0.20869565217391303","","All smiths dedicated to this row; instantaneous requeue; production and infrastructure setup excluded"
"Smithy","drill","Drill speed","3","30","false","1","0","0","0","3","0","0","0","0","0.07916666666666666","1.5","0.07916666666666666","1.5","","0.4556962025316456","0.022946859903381644","0.4556962025316456","","0.31304347826086953","0.009099616858237548","0.31304347826086953","","All smiths dedicated to this row; instantaneous requeue; production and infrastructure setup excluded"
"Smithy","drill","Drill speed","4","30","false","1","0","0","0","4","0","0","0","0","0.13555555555555557","2","0.13555555555555557","2","","0.6075949367088608","0.0392914653784219","0.6075949367088608","","0.41739130434782606","0.015581098339719029","0.41739130434782606","","All smiths dedicated to this row; instantaneous requeue; production and infrastructure setup excluded"
"Smithy","drill","Drill speed","5","30","false","1","0","0","0","5","0","0","0","0","0.22","2.5","0.22","2.5","","0.759493670886076","0.063768115942029","0.759493670886076","","0.5217391304347826","0.025287356321839084","0.5217391304347826","","All smiths dedicated to this row; instantaneous requeue; production and infrastructure setup excluded"
"Smithy","drill","Drill speed","6","30","false","1","0","0","0","6","0","0","0","0","0.3466666666666667","3","0.3466666666666667","3","","0.9113924050632912","0.10048309178743962","0.9113924050632912","","0.6260869565217391","0.03984674329501916","0.6260869565217391","","All smiths dedicated to this row; instantaneous requeue; production and infrastructure setup excluded"
"Smithy","drill","Drill speed","7","30","false","1","0","0","0","7","0","0","0","0","0.5363888888888889","3.5","0.5363888888888889","3.5","","1.0632911392405064","0.15547504025764897","1.0632911392405064","","0.7304347826086957","0.061653895274584924","0.7304347826086957","","All smiths dedicated to this row; instantaneous requeue; production and infrastructure setup excluded"
"Smithy","drill","Drill speed","8","30","false","1","0","0","0","8","0","0","0","0","0.8211111111111111","4","0.8211111111111111","4","","1.2151898734177216","0.23800322061191628","1.2151898734177216","","0.8347826086956521","0.09438058748403577","0.8347826086956521","","All smiths dedicated to this row; instantaneous requeue; production and infrastructure setup excluded"
"Smithy","drill","Drill speed","9","30","false","1","0","0","0","9","0","0","0","0","1.2483333333333333","4.5","1.2483333333333333","4.5","","1.3670886075949367","0.36183574879227054","1.3670886075949367","","0.9391304347826086","0.14348659003831418","0.9391304347826086","","All smiths dedicated to this row; instantaneous requeue; production and infrastructure setup excluded"
"Smithy","drill","Drill speed","10","30","false","1","0","0","0","10","0","0","0","0","1.8891666666666667","5","1.8891666666666667","5","","1.518987341772152","0.547584541062802","1.518987341772152","","1.0434782608695652","0.2171455938697318","1.0434782608695652","","All smiths dedicated to this row; instantaneous requeue; production and infrastructure setup excluded"
"Smithy","drill","Drill speed","11","30","false","0","1","0","0","10","1","0","0","0","2.850277777777778","5","2.850277777777778","5","","1.518987341772152","0.8261674718196458","1.518987341772152","","1.0434782608695652","0.32761813537675605","1.0434782608695652","","All smiths dedicated to this row; instantaneous requeue; production and infrastructure setup excluded"
"Smithy","drill","Drill speed","12","30","false","0","1","0","0","10","2","0","0","0","4.291944444444445","5","4.291944444444445","5","","1.518987341772152","1.2440418679549115","1.518987341772152","","1.0434782608695652","0.49332694763729246","1.0434782608695652","","All smiths dedicated to this row; instantaneous requeue; production and infrastructure setup excluded"
"Smithy","drill","Drill speed","13","30","false","0","1","0","0","10","3","0","0","0","6.454444444444444","5","6.454444444444444","6.454444444444444","","1.518987341772152","1.87085346215781","1.87085346215781","","1.0434782608695652","0.741890166028097","1.0434782608695652","","All smiths dedicated to this row; instantaneous requeue; production and infrastructure setup excluded"
"Smithy","drill","Drill speed","14","30","false","0","1","0","0","10","4","0","0","0","9.698055555555555","5","9.698055555555555","9.698055555555555","","1.518987341772152","2.8110305958132042","2.8110305958132042","","1.0434782608695652","1.1147190293742018","1.1147190293742018","","All smiths dedicated to this row; instantaneous requeue; production and infrastructure setup excluded"
"Smithy","drill","Drill speed","15","30","false","0","1","0","0","10","5","0","0","0","14.563611111111111","5","14.563611111111111","14.563611111111111","","1.518987341772152","4.22133655394525","4.22133655394525","","1.0434782608695652","1.6739782886334609","1.6739782886334609","","All smiths dedicated to this row; instantaneous requeue; production and infrastructure setup excluded"
"Smithy","drill","Drill speed","16","30","false","0","1","0","0","10","6","0","0","0","21.861944444444443","5","21.861944444444443","21.861944444444443","","1.518987341772152","6.3367954911433175","6.3367954911433175","","1.0434782608695652","2.5128671775223497","2.5128671775223497","","All smiths dedicated to this row; instantaneous requeue; production and infrastructure setup excluded"
"Smithy","drill","Drill speed","17","30","false","0","1","0","0","10","7","0","0","0","32.80916666666667","5","32.80916666666667","32.80916666666667","","1.518987341772152","9.509903381642513","9.509903381642513","","1.0434782608695652","3.7711685823754793","3.7711685823754793","","All smiths dedicated to this row; instantaneous requeue; production and infrastructure setup excluded"
"Smithy","drill","Drill speed","18","30","false","0","1","0","0","10","8","0","0","0","49.23027777777778","5","49.23027777777778","49.23027777777778","","1.518987341772152","14.269645732689213","14.269645732689213","","1.0434782608695652","5.658652618135377","5.658652618135377","","All smiths dedicated to this row; instantaneous requeue; production and infrastructure setup excluded"
"Smithy","drill","Drill speed","19","30","false","0","1","0","0","10","9","0","0","0","73.86194444444445","5","73.86194444444445","73.86194444444445","","1.588235294117647","21.409259259259258","21.409259259259258","","1.1739130434782608","8.489878671775223","8.489878671775223","","All smiths dedicated to this row; instantaneous requeue; production and infrastructure setup excluded"
"Smithy","drill","Drill speed","20","30","false","0","1","0","0","10","10","0","0","0","110.80916666666667","5.454545454545455","110.80916666666667","110.80916666666667","","1.7647058823529411","32.11859903381642","32.11859903381642","","1.3043478260869565","12.73668582375479","12.73668582375479","","All smiths dedicated to this row; instantaneous requeue; production and infrastructure setup excluded"
"Smithy","drill","Drill speed","21","30","false","0","1","0","0","10","11","0","0","0","166.23","6","166.23","166.23","","1.9411764705882353","48.18260869565218","48.18260869565218","","1.434782608695652","19.106896551724137","19.106896551724137","","All smiths dedicated to this row; instantaneous requeue; production and infrastructure setup excluded"
"Smithy","drill","Drill speed","22","30","false","0","1","0","0","10","12","0","0","0","249.36138888888888","6.545454545454546","249.36138888888888","249.36138888888888","","2.1176470588235294","72.27866344605476","72.27866344605476","","1.5652173913043477","28.66222860791827","28.66222860791827","","All smiths dedicated to this row; instantaneous requeue; production and infrastructure setup excluded"
"Smithy","drill","Drill speed","23","30","false","0","1","0","0","10","13","0","0","0","374.05861111111113","7.090909090909091","374.05861111111113","374.05861111111113","","2.2941176470588234","108.42278582930757","108.42278582930757","","1.6956521739130435","42.995242656449555","42.995242656449555","","All smiths dedicated to this row; instantaneous requeue; production and infrastructure setup excluded"
"Smithy","drill","Drill speed","24","30","false","0","1","0","0","10","14","0","0","0","561.1041666666666","7.636363636363637","561.1041666666666","561.1041666666666","","2.4705882352941173","162.63888888888889","162.63888888888889","","1.826086956521739","64.49473180076629","64.49473180076629","","All smiths dedicated to this row; instantaneous requeue; production and infrastructure setup excluded"
"Smithy","drill","Drill speed","25","30","false","0","1","0","0","10","15","0","0","0","841.6727777777778","8.181818181818182","841.6727777777778","841.6727777777778","","2.6470588235294117","243.96312399355878","243.96312399355878","","1.9565217391304348","96.74399744572159","96.74399744572159","","All smiths dedicated to this row; instantaneous requeue; production and infrastructure setup excluded"
"Smithy","drill","Drill speed","26","30","false","0","0","1","0","10","15","1","0","0","1262.5255555555555","8.181818181818182","1262.5255555555555","1262.5255555555555","","2.6470588235294117","365.9494363929147","365.9494363929147","","1.9565217391304348","145.11787994891444","145.11787994891444","","All smiths dedicated to this row; instantaneous requeue; production and infrastructure setup excluded"
"Smithy","drill","Drill speed","27","30","false","0","0","1","0","10","15","2","0","0","1893.8047222222222","8.181818181818182","1893.8047222222222","1893.8047222222222","","2.6470588235294117","548.9289049919485","548.9289049919485","","1.9565217391304348","217.6787037037037","217.6787037037037","","All smiths dedicated to this row; instantaneous requeue; production and infrastructure setup excluded"
"Smithy","drill","Drill speed","28","30","false","0","0","1","0","10","15","3","0","0","2840.723611111111","8.181818181818182","2840.723611111111","2840.723611111111","","2.6470588235294117","823.3981481481482","823.3981481481482","","1.9565217391304348","326.5199553001278","326.5199553001278","","All smiths dedicated to this row; instantaneous requeue; production and infrastructure setup excluded"
"Smithy","drill","Drill speed","29","30","false","0","0","1","0","10","15","4","0","0","4261.101944444445","8.181818181818182","4261.101944444445","4261.101944444445","","2.6470588235294117","1235.1020128824478","1235.1020128824478","","1.9565217391304348","489.7818326947637","489.7818326947637","","All smiths dedicated to this row; instantaneous requeue; production and infrastructure setup excluded"
"Smithy","drill","Drill speed","30","30","true","0","0","1","0","10","15","5","0","0","6391.669166666667","8.181818181818182","6391.669166666667","6391.669166666667","","2.6470588235294117","1852.6577294685992","1852.6577294685992","","1.9565217391304348","734.6746168582375","734.6746168582375","","All smiths dedicated to this row; instantaneous requeue; production and infrastructure setup excluded"
"Smithy","towerDamage","Tower damage","1","50","false","1","0","0","0","1","0","0","0","0","0.016666666666666666","0.5","0.016666666666666666","0.5","","0.1518987341772152","0.004830917874396136","0.1518987341772152","","0.10434782608695652","0.0019157088122605365","0.10434782608695652","","All smiths dedicated to this row; instantaneous requeue; production and infrastructure setup excluded"
"Smithy","towerDamage","Tower damage","2","50","false","1","0","0","0","2","0","0","0","0","0.041666666666666664","1","0.041666666666666664","1","","0.3037974683544304","0.012077294685990338","0.3037974683544304","","0.20869565217391303","0.0047892720306513415","0.20869565217391303","","All smiths dedicated to this row; instantaneous requeue; production and infrastructure setup excluded"
"Smithy","towerDamage","Tower damage","3","50","false","1","0","0","0","3","0","0","0","0","0.07916666666666666","1.5","0.07916666666666666","1.5","","0.4556962025316456","0.022946859903381644","0.4556962025316456","","0.31304347826086953","0.009099616858237548","0.31304347826086953","","All smiths dedicated to this row; instantaneous requeue; production and infrastructure setup excluded"
"Smithy","towerDamage","Tower damage","4","50","false","1","0","0","0","4","0","0","0","0","0.13555555555555557","2","0.13555555555555557","2","","0.6075949367088608","0.0392914653784219","0.6075949367088608","","0.41739130434782606","0.015581098339719029","0.41739130434782606","","All smiths dedicated to this row; instantaneous requeue; production and infrastructure setup excluded"
"Smithy","towerDamage","Tower damage","5","50","false","1","0","0","0","5","0","0","0","0","0.22","2.5","0.22","2.5","","0.759493670886076","0.063768115942029","0.759493670886076","","0.5217391304347826","0.025287356321839084","0.5217391304347826","","All smiths dedicated to this row; instantaneous requeue; production and infrastructure setup excluded"
"Smithy","towerDamage","Tower damage","6","50","false","1","0","0","0","6","0","0","0","0","0.3466666666666667","3","0.3466666666666667","3","","0.9113924050632912","0.10048309178743962","0.9113924050632912","","0.6260869565217391","0.03984674329501916","0.6260869565217391","","All smiths dedicated to this row; instantaneous requeue; production and infrastructure setup excluded"
"Smithy","towerDamage","Tower damage","7","50","false","1","0","0","0","7","0","0","0","0","0.5363888888888889","3.5","0.5363888888888889","3.5","","1.0632911392405064","0.15547504025764897","1.0632911392405064","","0.7304347826086957","0.061653895274584924","0.7304347826086957","","All smiths dedicated to this row; instantaneous requeue; production and infrastructure setup excluded"
"Smithy","towerDamage","Tower damage","8","50","false","1","0","0","0","8","0","0","0","0","0.8211111111111111","4","0.8211111111111111","4","","1.2151898734177216","0.23800322061191628","1.2151898734177216","","0.8347826086956521","0.09438058748403577","0.8347826086956521","","All smiths dedicated to this row; instantaneous requeue; production and infrastructure setup excluded"
"Smithy","towerDamage","Tower damage","9","50","false","1","0","0","0","9","0","0","0","0","1.2483333333333333","4.5","1.2483333333333333","4.5","","1.3670886075949367","0.36183574879227054","1.3670886075949367","","0.9391304347826086","0.14348659003831418","0.9391304347826086","","All smiths dedicated to this row; instantaneous requeue; production and infrastructure setup excluded"
"Smithy","towerDamage","Tower damage","10","50","false","1","0","0","0","10","0","0","0","0","1.8891666666666667","5","1.8891666666666667","5","","1.518987341772152","0.547584541062802","1.518987341772152","","1.0434782608695652","0.2171455938697318","1.0434782608695652","","All smiths dedicated to this row; instantaneous requeue; production and infrastructure setup excluded"
"Smithy","towerDamage","Tower damage","11","50","false","0","1","0","0","10","1","0","0","0","2.850277777777778","5","2.850277777777778","5","","1.518987341772152","0.8261674718196458","1.518987341772152","","1.0434782608695652","0.32761813537675605","1.0434782608695652","","All smiths dedicated to this row; instantaneous requeue; production and infrastructure setup excluded"
"Smithy","towerDamage","Tower damage","12","50","false","0","1","0","0","10","2","0","0","0","4.291944444444445","5","4.291944444444445","5","","1.518987341772152","1.2440418679549115","1.518987341772152","","1.0434782608695652","0.49332694763729246","1.0434782608695652","","All smiths dedicated to this row; instantaneous requeue; production and infrastructure setup excluded"
"Smithy","towerDamage","Tower damage","13","50","false","0","1","0","0","10","3","0","0","0","6.454444444444444","5","6.454444444444444","6.454444444444444","","1.518987341772152","1.87085346215781","1.87085346215781","","1.0434782608695652","0.741890166028097","1.0434782608695652","","All smiths dedicated to this row; instantaneous requeue; production and infrastructure setup excluded"
"Smithy","towerDamage","Tower damage","14","50","false","0","1","0","0","10","4","0","0","0","9.698055555555555","5","9.698055555555555","9.698055555555555","","1.518987341772152","2.8110305958132042","2.8110305958132042","","1.0434782608695652","1.1147190293742018","1.1147190293742018","","All smiths dedicated to this row; instantaneous requeue; production and infrastructure setup excluded"
"Smithy","towerDamage","Tower damage","15","50","false","0","1","0","0","10","5","0","0","0","14.563611111111111","5","14.563611111111111","14.563611111111111","","1.518987341772152","4.22133655394525","4.22133655394525","","1.0434782608695652","1.6739782886334609","1.6739782886334609","","All smiths dedicated to this row; instantaneous requeue; production and infrastructure setup excluded"
"Smithy","towerDamage","Tower damage","16","50","false","0","1","0","0","10","6","0","0","0","21.861944444444443","5","21.861944444444443","21.861944444444443","","1.518987341772152","6.3367954911433175","6.3367954911433175","","1.0434782608695652","2.5128671775223497","2.5128671775223497","","All smiths dedicated to this row; instantaneous requeue; production and infrastructure setup excluded"
"Smithy","towerDamage","Tower damage","17","50","false","0","1","0","0","10","7","0","0","0","32.80916666666667","5","32.80916666666667","32.80916666666667","","1.518987341772152","9.509903381642513","9.509903381642513","","1.0434782608695652","3.7711685823754793","3.7711685823754793","","All smiths dedicated to this row; instantaneous requeue; production and infrastructure setup excluded"
"Smithy","towerDamage","Tower damage","18","50","false","0","1","0","0","10","8","0","0","0","49.23027777777778","5","49.23027777777778","49.23027777777778","","1.518987341772152","14.269645732689213","14.269645732689213","","1.0434782608695652","5.658652618135377","5.658652618135377","","All smiths dedicated to this row; instantaneous requeue; production and infrastructure setup excluded"
"Smithy","towerDamage","Tower damage","19","50","false","0","1","0","0","10","9","0","0","0","73.86194444444445","5","73.86194444444445","73.86194444444445","","1.588235294117647","21.409259259259258","21.409259259259258","","1.1739130434782608","8.489878671775223","8.489878671775223","","All smiths dedicated to this row; instantaneous requeue; production and infrastructure setup excluded"
"Smithy","towerDamage","Tower damage","20","50","false","0","1","0","0","10","10","0","0","0","110.80916666666667","5.454545454545455","110.80916666666667","110.80916666666667","","1.7647058823529411","32.11859903381642","32.11859903381642","","1.3043478260869565","12.73668582375479","12.73668582375479","","All smiths dedicated to this row; instantaneous requeue; production and infrastructure setup excluded"
"Smithy","towerDamage","Tower damage","21","50","false","0","1","0","0","10","11","0","0","0","166.23","6","166.23","166.23","","1.9411764705882353","48.18260869565218","48.18260869565218","","1.434782608695652","19.106896551724137","19.106896551724137","","All smiths dedicated to this row; instantaneous requeue; production and infrastructure setup excluded"
"Smithy","towerDamage","Tower damage","22","50","false","0","1","0","0","10","12","0","0","0","249.36138888888888","6.545454545454546","249.36138888888888","249.36138888888888","","2.1176470588235294","72.27866344605476","72.27866344605476","","1.5652173913043477","28.66222860791827","28.66222860791827","","All smiths dedicated to this row; instantaneous requeue; production and infrastructure setup excluded"
"Smithy","towerDamage","Tower damage","23","50","false","0","1","0","0","10","13","0","0","0","374.05861111111113","7.090909090909091","374.05861111111113","374.05861111111113","","2.2941176470588234","108.42278582930757","108.42278582930757","","1.6956521739130435","42.995242656449555","42.995242656449555","","All smiths dedicated to this row; instantaneous requeue; production and infrastructure setup excluded"
"Smithy","towerDamage","Tower damage","24","50","false","0","1","0","0","10","14","0","0","0","561.1041666666666","7.636363636363637","561.1041666666666","561.1041666666666","","2.4705882352941173","162.63888888888889","162.63888888888889","","1.826086956521739","64.49473180076629","64.49473180076629","","All smiths dedicated to this row; instantaneous requeue; production and infrastructure setup excluded"
"Smithy","towerDamage","Tower damage","25","50","false","0","1","0","0","10","15","0","0","0","841.6727777777778","8.181818181818182","841.6727777777778","841.6727777777778","","2.6470588235294117","243.96312399355878","243.96312399355878","","1.9565217391304348","96.74399744572159","96.74399744572159","","All smiths dedicated to this row; instantaneous requeue; production and infrastructure setup excluded"
"Smithy","towerDamage","Tower damage","26","50","false","0","0","1","0","10","15","1","0","0","1262.5255555555555","8.181818181818182","1262.5255555555555","1262.5255555555555","","2.6470588235294117","365.9494363929147","365.9494363929147","","1.9565217391304348","145.11787994891444","145.11787994891444","","All smiths dedicated to this row; instantaneous requeue; production and infrastructure setup excluded"
"Smithy","towerDamage","Tower damage","27","50","false","0","0","1","0","10","15","2","0","0","1893.8047222222222","8.181818181818182","1893.8047222222222","1893.8047222222222","","2.6470588235294117","548.9289049919485","548.9289049919485","","1.9565217391304348","217.6787037037037","217.6787037037037","","All smiths dedicated to this row; instantaneous requeue; production and infrastructure setup excluded"
"Smithy","towerDamage","Tower damage","28","50","false","0","0","1","0","10","15","3","0","0","2840.723611111111","8.181818181818182","2840.723611111111","2840.723611111111","","2.6470588235294117","823.3981481481482","823.3981481481482","","1.9565217391304348","326.5199553001278","326.5199553001278","","All smiths dedicated to this row; instantaneous requeue; production and infrastructure setup excluded"
"Smithy","towerDamage","Tower damage","29","50","false","0","0","1","0","10","15","4","0","0","4261.101944444445","8.181818181818182","4261.101944444445","4261.101944444445","","2.6470588235294117","1235.1020128824478","1235.1020128824478","","1.9565217391304348","489.7818326947637","489.7818326947637","","All smiths dedicated to this row; instantaneous requeue; production and infrastructure setup excluded"
"Smithy","towerDamage","Tower damage","30","50","false","0","0","1","0","10","15","5","0","0","6391.669166666667","8.181818181818182","6391.669166666667","6391.669166666667","","2.6470588235294117","1852.6577294685992","1852.6577294685992","","1.9565217391304348","734.6746168582375","734.6746168582375","","All smiths dedicated to this row; instantaneous requeue; production and infrastructure setup excluded"
"Smithy","towerDamage","Tower damage","31","50","false","0","0","1","0","10","15","6","0","0","9587.520277777778","8.181818181818182","9587.520277777778","9587.520277777778","","2.6470588235294117","2778.9913848631245","2778.9913848631245","","1.9565217391304348","1102.0138250319285","1102.0138250319285","","All smiths dedicated to this row; instantaneous requeue; production and infrastructure setup excluded"
"Smithy","towerDamage","Tower damage","32","50","false","0","0","1","0","10","15","7","0","0","14381.296666666667","8.181818181818182","14381.296666666667","14381.296666666667","","2.6470588235294117","4168.491787439613","4168.491787439613","","1.9565217391304348","1653.022605363985","1653.022605363985","","All smiths dedicated to this row; instantaneous requeue; production and infrastructure setup excluded"
"Smithy","towerDamage","Tower damage","33","50","false","0","0","1","0","10","15","8","0","0","21571.96138888889","8.181818181818182","21571.96138888889","21571.96138888889","","2.6470588235294117","6252.742431561997","6252.742431561997","","1.9565217391304348","2479.5357918263094","2479.5357918263094","","All smiths dedicated to this row; instantaneous requeue; production and infrastructure setup excluded"
"Smithy","towerDamage","Tower damage","34","50","false","0","0","1","0","10","15","9","0","0","30331.96138888889","8.181818181818182","30331.96138888889","30331.96138888889","","2.6470588235294117","8791.872866344605","8791.872866344605","","1.9565217391304348","3486.432343550447","3486.432343550447","","All smiths dedicated to this row; instantaneous requeue; production and infrastructure setup excluded"
"Smithy","towerDamage","Tower damage","35","50","false","0","0","1","0","10","15","10","0","0","39091.961388888885","8.181818181818182","39091.961388888885","39091.961388888885","","2.6470588235294117","11331.003301127213","11331.003301127213","","1.9565217391304348","4493.328895274585","4493.328895274585","","All smiths dedicated to this row; instantaneous requeue; production and infrastructure setup excluded"
"Smithy","towerDamage","Tower damage","36","50","false","0","0","1","0","10","15","11","0","0","47851.961388888885","8.181818181818182","47851.961388888885","47851.961388888885","","2.6470588235294117","13870.133735909823","13870.133735909823","","1.9565217391304348","5500.225446998723","5500.225446998723","","All smiths dedicated to this row; instantaneous requeue; production and infrastructure setup excluded"
"Smithy","towerDamage","Tower damage","37","50","false","0","0","1","0","10","15","12","0","0","56611.961388888885","8.181818181818182","56611.961388888885","56611.961388888885","","2.6470588235294117","16409.264170692433","16409.264170692433","","1.9565217391304348","6507.1219987228615","6507.1219987228615","","All smiths dedicated to this row; instantaneous requeue; production and infrastructure setup excluded"
"Smithy","towerDamage","Tower damage","38","50","false","0","0","1","0","10","15","13","0","0","65371.961388888885","8.210526315789474","65371.961388888885","65371.961388888885","","2.6470588235294117","18948.394605475045","18948.394605475045","","1.9565217391304348","7514.018550446999","7514.018550446999","","All smiths dedicated to this row; instantaneous requeue; production and infrastructure setup excluded"
"Smithy","towerDamage","Tower damage","39","50","false","0","0","1","0","10","15","14","0","0","74131.96138888889","8.842105263157896","74131.96138888889","74131.96138888889","","2.6470588235294117","21487.525040257653","21487.525040257653","","1.9565217391304348","8520.915102171137","8520.915102171137","","All smiths dedicated to this row; instantaneous requeue; production and infrastructure setup excluded"
"Smithy","towerDamage","Tower damage","40","50","false","0","0","1","0","10","15","15","0","0","82891.96138888889","9.473684210526317","82891.96138888889","82891.96138888889","","2.6470588235294117","24026.65547504026","24026.65547504026","","1.9565217391304348","9527.811653895275","9527.811653895275","","All smiths dedicated to this row; instantaneous requeue; production and infrastructure setup excluded"
"Smithy","towerDamage","Tower damage","41","50","false","0","0","1","0","10","15","16","0","0","91651.96138888889","10.105263157894738","91651.96138888889","91651.96138888889","","2.6470588235294117","26565.78590982287","26565.78590982287","","1.9565217391304348","10534.708205619412","10534.708205619412","","All smiths dedicated to this row; instantaneous requeue; production and infrastructure setup excluded"
"Smithy","towerDamage","Tower damage","42","50","false","0","0","1","0","10","15","17","0","0","100411.96138888889","10.736842105263158","100411.96138888889","100411.96138888889","","2.6470588235294117","29104.916344605477","29104.916344605477","","1.9565217391304348","11541.604757343552","11541.604757343552","","All smiths dedicated to this row; instantaneous requeue; production and infrastructure setup excluded"
"Smithy","towerDamage","Tower damage","43","50","false","0","0","1","0","10","15","18","0","0","109171.96138888889","11.368421052631579","109171.96138888889","109171.96138888889","","2.6470588235294117","31644.046779388085","31644.046779388085","","1.9565217391304348","12548.50130906769","12548.50130906769","","All smiths dedicated to this row; instantaneous requeue; production and infrastructure setup excluded"
"Smithy","towerDamage","Tower damage","44","50","false","0","0","1","0","10","15","19","0","0","117931.96138888889","12","117931.96138888889","117931.96138888889","","2.7142857142857144","34183.1772141707","34183.1772141707","","1.9565217391304348","13555.397860791825","13555.397860791825","","All smiths dedicated to this row; instantaneous requeue; production and infrastructure setup excluded"
"Smithy","towerDamage","Tower damage","45","50","false","0","0","1","0","10","15","20","0","0","126691.96138888889","12.631578947368421","126691.96138888889","126691.96138888889","","2.857142857142857","36722.307648953305","36722.307648953305","","1.9565217391304348","14562.294412515965","14562.294412515965","","All smiths dedicated to this row; instantaneous requeue; production and infrastructure setup excluded"
"Smithy","towerDamage","Tower damage","46","50","false","0","0","1","0","10","15","21","0","0","135451.96138888889","13.263157894736842","135451.96138888889","135451.96138888889","","3","39261.43808373591","39261.43808373591","","1.9565217391304348","15569.190964240102","15569.190964240102","","All smiths dedicated to this row; instantaneous requeue; production and infrastructure setup excluded"
"Smithy","towerDamage","Tower damage","47","50","false","0","0","1","0","10","15","22","0","0","144211.96138888889","13.894736842105264","144211.96138888889","144211.96138888889","","3.142857142857143","41800.568518518514","41800.568518518514","","1.9565217391304348","16576.08751596424","16576.08751596424","","All smiths dedicated to this row; instantaneous requeue; production and infrastructure setup excluded"
"Smithy","towerDamage","Tower damage","48","50","false","0","0","1","0","10","15","23","0","0","152971.96138888889","14.526315789473685","152971.96138888889","152971.96138888889","","3.2857142857142856","44339.69895330113","44339.69895330113","","1.9565217391304348","17582.984067688376","17582.984067688376","","All smiths dedicated to this row; instantaneous requeue; production and infrastructure setup excluded"
"Smithy","towerDamage","Tower damage","49","50","false","0","0","1","0","10","15","24","0","0","161731.96138888889","15.157894736842106","161731.96138888889","161731.96138888889","","3.4285714285714284","46878.829388083745","46878.829388083745","","2","18589.880619412517","18589.880619412517","","All smiths dedicated to this row; instantaneous requeue; production and infrastructure setup excluded"
"Smithy","towerDamage","Tower damage","50","50","true","0","0","1","0","10","15","25","0","0","170491.96138888889","15.789473684210527","170491.96138888889","170491.96138888889","","3.5714285714285716","49417.959822866345","49417.959822866345","","2.0833333333333335","19596.777171136655","19596.777171136655","","All smiths dedicated to this row; instantaneous requeue; production and infrastructure setup excluded"
"Smithy","towerReload","Tower reload","1","30","false","1","0","0","0","1","0","0","0","0","0.016666666666666666","0.5","0.016666666666666666","0.5","","0.1518987341772152","0.004830917874396136","0.1518987341772152","","0.10434782608695652","0.0019157088122605365","0.10434782608695652","","All smiths dedicated to this row; instantaneous requeue; production and infrastructure setup excluded"
"Smithy","towerReload","Tower reload","2","30","false","1","0","0","0","2","0","0","0","0","0.041666666666666664","1","0.041666666666666664","1","","0.3037974683544304","0.012077294685990338","0.3037974683544304","","0.20869565217391303","0.0047892720306513415","0.20869565217391303","","All smiths dedicated to this row; instantaneous requeue; production and infrastructure setup excluded"
"Smithy","towerReload","Tower reload","3","30","false","1","0","0","0","3","0","0","0","0","0.07916666666666666","1.5","0.07916666666666666","1.5","","0.4556962025316456","0.022946859903381644","0.4556962025316456","","0.31304347826086953","0.009099616858237548","0.31304347826086953","","All smiths dedicated to this row; instantaneous requeue; production and infrastructure setup excluded"
"Smithy","towerReload","Tower reload","4","30","false","1","0","0","0","4","0","0","0","0","0.13555555555555557","2","0.13555555555555557","2","","0.6075949367088608","0.0392914653784219","0.6075949367088608","","0.41739130434782606","0.015581098339719029","0.41739130434782606","","All smiths dedicated to this row; instantaneous requeue; production and infrastructure setup excluded"
"Smithy","towerReload","Tower reload","5","30","false","1","0","0","0","5","0","0","0","0","0.22","2.5","0.22","2.5","","0.759493670886076","0.063768115942029","0.759493670886076","","0.5217391304347826","0.025287356321839084","0.5217391304347826","","All smiths dedicated to this row; instantaneous requeue; production and infrastructure setup excluded"
"Smithy","towerReload","Tower reload","6","30","false","1","0","0","0","6","0","0","0","0","0.3466666666666667","3","0.3466666666666667","3","","0.9113924050632912","0.10048309178743962","0.9113924050632912","","0.6260869565217391","0.03984674329501916","0.6260869565217391","","All smiths dedicated to this row; instantaneous requeue; production and infrastructure setup excluded"
"Smithy","towerReload","Tower reload","7","30","false","1","0","0","0","7","0","0","0","0","0.5363888888888889","3.5","0.5363888888888889","3.5","","1.0632911392405064","0.15547504025764897","1.0632911392405064","","0.7304347826086957","0.061653895274584924","0.7304347826086957","","All smiths dedicated to this row; instantaneous requeue; production and infrastructure setup excluded"
"Smithy","towerReload","Tower reload","8","30","false","1","0","0","0","8","0","0","0","0","0.8211111111111111","4","0.8211111111111111","4","","1.2151898734177216","0.23800322061191628","1.2151898734177216","","0.8347826086956521","0.09438058748403577","0.8347826086956521","","All smiths dedicated to this row; instantaneous requeue; production and infrastructure setup excluded"
"Smithy","towerReload","Tower reload","9","30","false","1","0","0","0","9","0","0","0","0","1.2483333333333333","4.5","1.2483333333333333","4.5","","1.3670886075949367","0.36183574879227054","1.3670886075949367","","0.9391304347826086","0.14348659003831418","0.9391304347826086","","All smiths dedicated to this row; instantaneous requeue; production and infrastructure setup excluded"
"Smithy","towerReload","Tower reload","10","30","false","1","0","0","0","10","0","0","0","0","1.8891666666666667","5","1.8891666666666667","5","","1.518987341772152","0.547584541062802","1.518987341772152","","1.0434782608695652","0.2171455938697318","1.0434782608695652","","All smiths dedicated to this row; instantaneous requeue; production and infrastructure setup excluded"
"Smithy","towerReload","Tower reload","11","30","false","0","1","0","0","10","1","0","0","0","2.850277777777778","5","2.850277777777778","5","","1.518987341772152","0.8261674718196458","1.518987341772152","","1.0434782608695652","0.32761813537675605","1.0434782608695652","","All smiths dedicated to this row; instantaneous requeue; production and infrastructure setup excluded"
"Smithy","towerReload","Tower reload","12","30","false","0","1","0","0","10","2","0","0","0","4.291944444444445","5","4.291944444444445","5","","1.518987341772152","1.2440418679549115","1.518987341772152","","1.0434782608695652","0.49332694763729246","1.0434782608695652","","All smiths dedicated to this row; instantaneous requeue; production and infrastructure setup excluded"
"Smithy","towerReload","Tower reload","13","30","false","0","1","0","0","10","3","0","0","0","6.454444444444444","5","6.454444444444444","6.454444444444444","","1.518987341772152","1.87085346215781","1.87085346215781","","1.0434782608695652","0.741890166028097","1.0434782608695652","","All smiths dedicated to this row; instantaneous requeue; production and infrastructure setup excluded"
"Smithy","towerReload","Tower reload","14","30","false","0","1","0","0","10","4","0","0","0","9.698055555555555","5","9.698055555555555","9.698055555555555","","1.518987341772152","2.8110305958132042","2.8110305958132042","","1.0434782608695652","1.1147190293742018","1.1147190293742018","","All smiths dedicated to this row; instantaneous requeue; production and infrastructure setup excluded"
"Smithy","towerReload","Tower reload","15","30","false","0","1","0","0","10","5","0","0","0","14.563611111111111","5","14.563611111111111","14.563611111111111","","1.518987341772152","4.22133655394525","4.22133655394525","","1.0434782608695652","1.6739782886334609","1.6739782886334609","","All smiths dedicated to this row; instantaneous requeue; production and infrastructure setup excluded"
"Smithy","towerReload","Tower reload","16","30","false","0","1","0","0","10","6","0","0","0","21.861944444444443","5","21.861944444444443","21.861944444444443","","1.518987341772152","6.3367954911433175","6.3367954911433175","","1.0434782608695652","2.5128671775223497","2.5128671775223497","","All smiths dedicated to this row; instantaneous requeue; production and infrastructure setup excluded"
"Smithy","towerReload","Tower reload","17","30","false","0","1","0","0","10","7","0","0","0","32.80916666666667","5","32.80916666666667","32.80916666666667","","1.518987341772152","9.509903381642513","9.509903381642513","","1.0434782608695652","3.7711685823754793","3.7711685823754793","","All smiths dedicated to this row; instantaneous requeue; production and infrastructure setup excluded"
"Smithy","towerReload","Tower reload","18","30","false","0","1","0","0","10","8","0","0","0","49.23027777777778","5","49.23027777777778","49.23027777777778","","1.518987341772152","14.269645732689213","14.269645732689213","","1.0434782608695652","5.658652618135377","5.658652618135377","","All smiths dedicated to this row; instantaneous requeue; production and infrastructure setup excluded"
"Smithy","towerReload","Tower reload","19","30","false","0","1","0","0","10","9","0","0","0","73.86194444444445","5","73.86194444444445","73.86194444444445","","1.588235294117647","21.409259259259258","21.409259259259258","","1.1739130434782608","8.489878671775223","8.489878671775223","","All smiths dedicated to this row; instantaneous requeue; production and infrastructure setup excluded"
"Smithy","towerReload","Tower reload","20","30","false","0","1","0","0","10","10","0","0","0","110.80916666666667","5.454545454545455","110.80916666666667","110.80916666666667","","1.7647058823529411","32.11859903381642","32.11859903381642","","1.3043478260869565","12.73668582375479","12.73668582375479","","All smiths dedicated to this row; instantaneous requeue; production and infrastructure setup excluded"
"Smithy","towerReload","Tower reload","21","30","false","0","1","0","0","10","11","0","0","0","166.23","6","166.23","166.23","","1.9411764705882353","48.18260869565218","48.18260869565218","","1.434782608695652","19.106896551724137","19.106896551724137","","All smiths dedicated to this row; instantaneous requeue; production and infrastructure setup excluded"
"Smithy","towerReload","Tower reload","22","30","false","0","1","0","0","10","12","0","0","0","249.36138888888888","6.545454545454546","249.36138888888888","249.36138888888888","","2.1176470588235294","72.27866344605476","72.27866344605476","","1.5652173913043477","28.66222860791827","28.66222860791827","","All smiths dedicated to this row; instantaneous requeue; production and infrastructure setup excluded"
"Smithy","towerReload","Tower reload","23","30","false","0","1","0","0","10","13","0","0","0","374.05861111111113","7.090909090909091","374.05861111111113","374.05861111111113","","2.2941176470588234","108.42278582930757","108.42278582930757","","1.6956521739130435","42.995242656449555","42.995242656449555","","All smiths dedicated to this row; instantaneous requeue; production and infrastructure setup excluded"
"Smithy","towerReload","Tower reload","24","30","false","0","1","0","0","10","14","0","0","0","561.1041666666666","7.636363636363637","561.1041666666666","561.1041666666666","","2.4705882352941173","162.63888888888889","162.63888888888889","","1.826086956521739","64.49473180076629","64.49473180076629","","All smiths dedicated to this row; instantaneous requeue; production and infrastructure setup excluded"
"Smithy","towerReload","Tower reload","25","30","false","0","1","0","0","10","15","0","0","0","841.6727777777778","8.181818181818182","841.6727777777778","841.6727777777778","","2.6470588235294117","243.96312399355878","243.96312399355878","","1.9565217391304348","96.74399744572159","96.74399744572159","","All smiths dedicated to this row; instantaneous requeue; production and infrastructure setup excluded"
"Smithy","towerReload","Tower reload","26","30","false","0","0","1","0","10","15","1","0","0","1262.5255555555555","8.181818181818182","1262.5255555555555","1262.5255555555555","","2.6470588235294117","365.9494363929147","365.9494363929147","","1.9565217391304348","145.11787994891444","145.11787994891444","","All smiths dedicated to this row; instantaneous requeue; production and infrastructure setup excluded"
"Smithy","towerReload","Tower reload","27","30","false","0","0","1","0","10","15","2","0","0","1893.8047222222222","8.181818181818182","1893.8047222222222","1893.8047222222222","","2.6470588235294117","548.9289049919485","548.9289049919485","","1.9565217391304348","217.6787037037037","217.6787037037037","","All smiths dedicated to this row; instantaneous requeue; production and infrastructure setup excluded"
"Smithy","towerReload","Tower reload","28","30","false","0","0","1","0","10","15","3","0","0","2840.723611111111","8.181818181818182","2840.723611111111","2840.723611111111","","2.6470588235294117","823.3981481481482","823.3981481481482","","1.9565217391304348","326.5199553001278","326.5199553001278","","All smiths dedicated to this row; instantaneous requeue; production and infrastructure setup excluded"
"Smithy","towerReload","Tower reload","29","30","false","0","0","1","0","10","15","4","0","0","4261.101944444445","8.181818181818182","4261.101944444445","4261.101944444445","","2.6470588235294117","1235.1020128824478","1235.1020128824478","","1.9565217391304348","489.7818326947637","489.7818326947637","","All smiths dedicated to this row; instantaneous requeue; production and infrastructure setup excluded"
"Smithy","towerReload","Tower reload","30","30","true","0","0","1","0","10","15","5","0","0","6391.669166666667","8.181818181818182","6391.669166666667","6391.669166666667","","2.6470588235294117","1852.6577294685992","1852.6577294685992","","1.9565217391304348","734.6746168582375","734.6746168582375","","All smiths dedicated to this row; instantaneous requeue; production and infrastructure setup excluded"
"Smithy","bombDamage","Bomb damage","1","40","false","1","0","0","0","1","0","0","0","0","0.016666666666666666","0.5","0.016666666666666666","0.5","","0.1518987341772152","0.004830917874396136","0.1518987341772152","","0.10434782608695652","0.0019157088122605365","0.10434782608695652","","All smiths dedicated to this row; instantaneous requeue; production and infrastructure setup excluded"
"Smithy","bombDamage","Bomb damage","2","40","false","1","0","0","0","2","0","0","0","0","0.041666666666666664","1","0.041666666666666664","1","","0.3037974683544304","0.012077294685990338","0.3037974683544304","","0.20869565217391303","0.0047892720306513415","0.20869565217391303","","All smiths dedicated to this row; instantaneous requeue; production and infrastructure setup excluded"
"Smithy","bombDamage","Bomb damage","3","40","false","1","0","0","0","3","0","0","0","0","0.07916666666666666","1.5","0.07916666666666666","1.5","","0.4556962025316456","0.022946859903381644","0.4556962025316456","","0.31304347826086953","0.009099616858237548","0.31304347826086953","","All smiths dedicated to this row; instantaneous requeue; production and infrastructure setup excluded"
"Smithy","bombDamage","Bomb damage","4","40","false","1","0","0","0","4","0","0","0","0","0.13555555555555557","2","0.13555555555555557","2","","0.6075949367088608","0.0392914653784219","0.6075949367088608","","0.41739130434782606","0.015581098339719029","0.41739130434782606","","All smiths dedicated to this row; instantaneous requeue; production and infrastructure setup excluded"
"Smithy","bombDamage","Bomb damage","5","40","false","1","0","0","0","5","0","0","0","0","0.22","2.5","0.22","2.5","","0.759493670886076","0.063768115942029","0.759493670886076","","0.5217391304347826","0.025287356321839084","0.5217391304347826","","All smiths dedicated to this row; instantaneous requeue; production and infrastructure setup excluded"
"Smithy","bombDamage","Bomb damage","6","40","false","1","0","0","0","6","0","0","0","0","0.3466666666666667","3","0.3466666666666667","3","","0.9113924050632912","0.10048309178743962","0.9113924050632912","","0.6260869565217391","0.03984674329501916","0.6260869565217391","","All smiths dedicated to this row; instantaneous requeue; production and infrastructure setup excluded"
"Smithy","bombDamage","Bomb damage","7","40","false","1","0","0","0","7","0","0","0","0","0.5363888888888889","3.5","0.5363888888888889","3.5","","1.0632911392405064","0.15547504025764897","1.0632911392405064","","0.7304347826086957","0.061653895274584924","0.7304347826086957","","All smiths dedicated to this row; instantaneous requeue; production and infrastructure setup excluded"
"Smithy","bombDamage","Bomb damage","8","40","false","1","0","0","0","8","0","0","0","0","0.8211111111111111","4","0.8211111111111111","4","","1.2151898734177216","0.23800322061191628","1.2151898734177216","","0.8347826086956521","0.09438058748403577","0.8347826086956521","","All smiths dedicated to this row; instantaneous requeue; production and infrastructure setup excluded"
"Smithy","bombDamage","Bomb damage","9","40","false","1","0","0","0","9","0","0","0","0","1.2483333333333333","4.5","1.2483333333333333","4.5","","1.3670886075949367","0.36183574879227054","1.3670886075949367","","0.9391304347826086","0.14348659003831418","0.9391304347826086","","All smiths dedicated to this row; instantaneous requeue; production and infrastructure setup excluded"
"Smithy","bombDamage","Bomb damage","10","40","false","1","0","0","0","10","0","0","0","0","1.8891666666666667","5","1.8891666666666667","5","","1.518987341772152","0.547584541062802","1.518987341772152","","1.0434782608695652","0.2171455938697318","1.0434782608695652","","All smiths dedicated to this row; instantaneous requeue; production and infrastructure setup excluded"
"Smithy","bombDamage","Bomb damage","11","40","false","0","1","0","0","10","1","0","0","0","2.850277777777778","5","2.850277777777778","5","","1.518987341772152","0.8261674718196458","1.518987341772152","","1.0434782608695652","0.32761813537675605","1.0434782608695652","","All smiths dedicated to this row; instantaneous requeue; production and infrastructure setup excluded"
"Smithy","bombDamage","Bomb damage","12","40","false","0","1","0","0","10","2","0","0","0","4.291944444444445","5","4.291944444444445","5","","1.518987341772152","1.2440418679549115","1.518987341772152","","1.0434782608695652","0.49332694763729246","1.0434782608695652","","All smiths dedicated to this row; instantaneous requeue; production and infrastructure setup excluded"
"Smithy","bombDamage","Bomb damage","13","40","false","0","1","0","0","10","3","0","0","0","6.454444444444444","5","6.454444444444444","6.454444444444444","","1.518987341772152","1.87085346215781","1.87085346215781","","1.0434782608695652","0.741890166028097","1.0434782608695652","","All smiths dedicated to this row; instantaneous requeue; production and infrastructure setup excluded"
"Smithy","bombDamage","Bomb damage","14","40","false","0","1","0","0","10","4","0","0","0","9.698055555555555","5","9.698055555555555","9.698055555555555","","1.518987341772152","2.8110305958132042","2.8110305958132042","","1.0434782608695652","1.1147190293742018","1.1147190293742018","","All smiths dedicated to this row; instantaneous requeue; production and infrastructure setup excluded"
"Smithy","bombDamage","Bomb damage","15","40","false","0","1","0","0","10","5","0","0","0","14.563611111111111","5","14.563611111111111","14.563611111111111","","1.518987341772152","4.22133655394525","4.22133655394525","","1.0434782608695652","1.6739782886334609","1.6739782886334609","","All smiths dedicated to this row; instantaneous requeue; production and infrastructure setup excluded"
"Smithy","bombDamage","Bomb damage","16","40","false","0","1","0","0","10","6","0","0","0","21.861944444444443","5","21.861944444444443","21.861944444444443","","1.518987341772152","6.3367954911433175","6.3367954911433175","","1.0434782608695652","2.5128671775223497","2.5128671775223497","","All smiths dedicated to this row; instantaneous requeue; production and infrastructure setup excluded"
"Smithy","bombDamage","Bomb damage","17","40","false","0","1","0","0","10","7","0","0","0","32.80916666666667","5","32.80916666666667","32.80916666666667","","1.518987341772152","9.509903381642513","9.509903381642513","","1.0434782608695652","3.7711685823754793","3.7711685823754793","","All smiths dedicated to this row; instantaneous requeue; production and infrastructure setup excluded"
"Smithy","bombDamage","Bomb damage","18","40","false","0","1","0","0","10","8","0","0","0","49.23027777777778","5","49.23027777777778","49.23027777777778","","1.518987341772152","14.269645732689213","14.269645732689213","","1.0434782608695652","5.658652618135377","5.658652618135377","","All smiths dedicated to this row; instantaneous requeue; production and infrastructure setup excluded"
"Smithy","bombDamage","Bomb damage","19","40","false","0","1","0","0","10","9","0","0","0","73.86194444444445","5","73.86194444444445","73.86194444444445","","1.588235294117647","21.409259259259258","21.409259259259258","","1.1739130434782608","8.489878671775223","8.489878671775223","","All smiths dedicated to this row; instantaneous requeue; production and infrastructure setup excluded"
"Smithy","bombDamage","Bomb damage","20","40","false","0","1","0","0","10","10","0","0","0","110.80916666666667","5.454545454545455","110.80916666666667","110.80916666666667","","1.7647058823529411","32.11859903381642","32.11859903381642","","1.3043478260869565","12.73668582375479","12.73668582375479","","All smiths dedicated to this row; instantaneous requeue; production and infrastructure setup excluded"
"Smithy","bombDamage","Bomb damage","21","40","false","0","1","0","0","10","11","0","0","0","166.23","6","166.23","166.23","","1.9411764705882353","48.18260869565218","48.18260869565218","","1.434782608695652","19.106896551724137","19.106896551724137","","All smiths dedicated to this row; instantaneous requeue; production and infrastructure setup excluded"
"Smithy","bombDamage","Bomb damage","22","40","false","0","1","0","0","10","12","0","0","0","249.36138888888888","6.545454545454546","249.36138888888888","249.36138888888888","","2.1176470588235294","72.27866344605476","72.27866344605476","","1.5652173913043477","28.66222860791827","28.66222860791827","","All smiths dedicated to this row; instantaneous requeue; production and infrastructure setup excluded"
"Smithy","bombDamage","Bomb damage","23","40","false","0","1","0","0","10","13","0","0","0","374.05861111111113","7.090909090909091","374.05861111111113","374.05861111111113","","2.2941176470588234","108.42278582930757","108.42278582930757","","1.6956521739130435","42.995242656449555","42.995242656449555","","All smiths dedicated to this row; instantaneous requeue; production and infrastructure setup excluded"
"Smithy","bombDamage","Bomb damage","24","40","false","0","1","0","0","10","14","0","0","0","561.1041666666666","7.636363636363637","561.1041666666666","561.1041666666666","","2.4705882352941173","162.63888888888889","162.63888888888889","","1.826086956521739","64.49473180076629","64.49473180076629","","All smiths dedicated to this row; instantaneous requeue; production and infrastructure setup excluded"
"Smithy","bombDamage","Bomb damage","25","40","false","0","1","0","0","10","15","0","0","0","841.6727777777778","8.181818181818182","841.6727777777778","841.6727777777778","","2.6470588235294117","243.96312399355878","243.96312399355878","","1.9565217391304348","96.74399744572159","96.74399744572159","","All smiths dedicated to this row; instantaneous requeue; production and infrastructure setup excluded"
"Smithy","bombDamage","Bomb damage","26","40","false","0","0","1","0","10","15","1","0","0","1262.5255555555555","8.181818181818182","1262.5255555555555","1262.5255555555555","","2.6470588235294117","365.9494363929147","365.9494363929147","","1.9565217391304348","145.11787994891444","145.11787994891444","","All smiths dedicated to this row; instantaneous requeue; production and infrastructure setup excluded"
"Smithy","bombDamage","Bomb damage","27","40","false","0","0","1","0","10","15","2","0","0","1893.8047222222222","8.181818181818182","1893.8047222222222","1893.8047222222222","","2.6470588235294117","548.9289049919485","548.9289049919485","","1.9565217391304348","217.6787037037037","217.6787037037037","","All smiths dedicated to this row; instantaneous requeue; production and infrastructure setup excluded"
"Smithy","bombDamage","Bomb damage","28","40","false","0","0","1","0","10","15","3","0","0","2840.723611111111","8.181818181818182","2840.723611111111","2840.723611111111","","2.6470588235294117","823.3981481481482","823.3981481481482","","1.9565217391304348","326.5199553001278","326.5199553001278","","All smiths dedicated to this row; instantaneous requeue; production and infrastructure setup excluded"
"Smithy","bombDamage","Bomb damage","29","40","false","0","0","1","0","10","15","4","0","0","4261.101944444445","8.181818181818182","4261.101944444445","4261.101944444445","","2.6470588235294117","1235.1020128824478","1235.1020128824478","","1.9565217391304348","489.7818326947637","489.7818326947637","","All smiths dedicated to this row; instantaneous requeue; production and infrastructure setup excluded"
"Smithy","bombDamage","Bomb damage","30","40","false","0","0","1","0","10","15","5","0","0","6391.669166666667","8.181818181818182","6391.669166666667","6391.669166666667","","2.6470588235294117","1852.6577294685992","1852.6577294685992","","1.9565217391304348","734.6746168582375","734.6746168582375","","All smiths dedicated to this row; instantaneous requeue; production and infrastructure setup excluded"
"Smithy","bombDamage","Bomb damage","31","40","false","0","0","1","0","10","15","6","0","0","9587.520277777778","8.181818181818182","9587.520277777778","9587.520277777778","","2.6470588235294117","2778.9913848631245","2778.9913848631245","","1.9565217391304348","1102.0138250319285","1102.0138250319285","","All smiths dedicated to this row; instantaneous requeue; production and infrastructure setup excluded"
"Smithy","bombDamage","Bomb damage","32","40","false","0","0","1","0","10","15","7","0","0","14381.296666666667","8.181818181818182","14381.296666666667","14381.296666666667","","2.6470588235294117","4168.491787439613","4168.491787439613","","1.9565217391304348","1653.022605363985","1653.022605363985","","All smiths dedicated to this row; instantaneous requeue; production and infrastructure setup excluded"
"Smithy","bombDamage","Bomb damage","33","40","false","0","0","1","0","10","15","8","0","0","21571.96138888889","8.181818181818182","21571.96138888889","21571.96138888889","","2.6470588235294117","6252.742431561997","6252.742431561997","","1.9565217391304348","2479.5357918263094","2479.5357918263094","","All smiths dedicated to this row; instantaneous requeue; production and infrastructure setup excluded"
"Smithy","bombDamage","Bomb damage","34","40","false","0","0","1","0","10","15","9","0","0","30331.96138888889","8.181818181818182","30331.96138888889","30331.96138888889","","2.6470588235294117","8791.872866344605","8791.872866344605","","1.9565217391304348","3486.432343550447","3486.432343550447","","All smiths dedicated to this row; instantaneous requeue; production and infrastructure setup excluded"
"Smithy","bombDamage","Bomb damage","35","40","false","0","0","1","0","10","15","10","0","0","39091.961388888885","8.181818181818182","39091.961388888885","39091.961388888885","","2.6470588235294117","11331.003301127213","11331.003301127213","","1.9565217391304348","4493.328895274585","4493.328895274585","","All smiths dedicated to this row; instantaneous requeue; production and infrastructure setup excluded"
"Smithy","bombDamage","Bomb damage","36","40","false","0","0","1","0","10","15","11","0","0","47851.961388888885","8.181818181818182","47851.961388888885","47851.961388888885","","2.6470588235294117","13870.133735909823","13870.133735909823","","1.9565217391304348","5500.225446998723","5500.225446998723","","All smiths dedicated to this row; instantaneous requeue; production and infrastructure setup excluded"
"Smithy","bombDamage","Bomb damage","37","40","false","0","0","1","0","10","15","12","0","0","56611.961388888885","8.181818181818182","56611.961388888885","56611.961388888885","","2.6470588235294117","16409.264170692433","16409.264170692433","","1.9565217391304348","6507.1219987228615","6507.1219987228615","","All smiths dedicated to this row; instantaneous requeue; production and infrastructure setup excluded"
"Smithy","bombDamage","Bomb damage","38","40","false","0","0","1","0","10","15","13","0","0","65371.961388888885","8.210526315789474","65371.961388888885","65371.961388888885","","2.6470588235294117","18948.394605475045","18948.394605475045","","1.9565217391304348","7514.018550446999","7514.018550446999","","All smiths dedicated to this row; instantaneous requeue; production and infrastructure setup excluded"
"Smithy","bombDamage","Bomb damage","39","40","false","0","0","1","0","10","15","14","0","0","74131.96138888889","8.842105263157896","74131.96138888889","74131.96138888889","","2.6470588235294117","21487.525040257653","21487.525040257653","","1.9565217391304348","8520.915102171137","8520.915102171137","","All smiths dedicated to this row; instantaneous requeue; production and infrastructure setup excluded"
"Smithy","bombDamage","Bomb damage","40","40","true","0","0","1","0","10","15","15","0","0","82891.96138888889","9.473684210526317","82891.96138888889","82891.96138888889","","2.6470588235294117","24026.65547504026","24026.65547504026","","1.9565217391304348","9527.811653895275","9527.811653895275","","All smiths dedicated to this row; instantaneous requeue; production and infrastructure setup excluded"
"Smithy","wallHp","Wall HP","1","50","false","1","0","0","0","1","0","0","0","0","0.016666666666666666","0.5","0.016666666666666666","0.5","","0.1518987341772152","0.004830917874396136","0.1518987341772152","","0.10434782608695652","0.0019157088122605365","0.10434782608695652","","All smiths dedicated to this row; instantaneous requeue; production and infrastructure setup excluded"
"Smithy","wallHp","Wall HP","2","50","false","1","0","0","0","2","0","0","0","0","0.041666666666666664","1","0.041666666666666664","1","","0.3037974683544304","0.012077294685990338","0.3037974683544304","","0.20869565217391303","0.0047892720306513415","0.20869565217391303","","All smiths dedicated to this row; instantaneous requeue; production and infrastructure setup excluded"
"Smithy","wallHp","Wall HP","3","50","false","1","0","0","0","3","0","0","0","0","0.07916666666666666","1.5","0.07916666666666666","1.5","","0.4556962025316456","0.022946859903381644","0.4556962025316456","","0.31304347826086953","0.009099616858237548","0.31304347826086953","","All smiths dedicated to this row; instantaneous requeue; production and infrastructure setup excluded"
"Smithy","wallHp","Wall HP","4","50","false","1","0","0","0","4","0","0","0","0","0.13555555555555557","2","0.13555555555555557","2","","0.6075949367088608","0.0392914653784219","0.6075949367088608","","0.41739130434782606","0.015581098339719029","0.41739130434782606","","All smiths dedicated to this row; instantaneous requeue; production and infrastructure setup excluded"
"Smithy","wallHp","Wall HP","5","50","false","1","0","0","0","5","0","0","0","0","0.22","2.5","0.22","2.5","","0.759493670886076","0.063768115942029","0.759493670886076","","0.5217391304347826","0.025287356321839084","0.5217391304347826","","All smiths dedicated to this row; instantaneous requeue; production and infrastructure setup excluded"
"Smithy","wallHp","Wall HP","6","50","false","1","0","0","0","6","0","0","0","0","0.3466666666666667","3","0.3466666666666667","3","","0.9113924050632912","0.10048309178743962","0.9113924050632912","","0.6260869565217391","0.03984674329501916","0.6260869565217391","","All smiths dedicated to this row; instantaneous requeue; production and infrastructure setup excluded"
"Smithy","wallHp","Wall HP","7","50","false","1","0","0","0","7","0","0","0","0","0.5363888888888889","3.5","0.5363888888888889","3.5","","1.0632911392405064","0.15547504025764897","1.0632911392405064","","0.7304347826086957","0.061653895274584924","0.7304347826086957","","All smiths dedicated to this row; instantaneous requeue; production and infrastructure setup excluded"
"Smithy","wallHp","Wall HP","8","50","false","1","0","0","0","8","0","0","0","0","0.8211111111111111","4","0.8211111111111111","4","","1.2151898734177216","0.23800322061191628","1.2151898734177216","","0.8347826086956521","0.09438058748403577","0.8347826086956521","","All smiths dedicated to this row; instantaneous requeue; production and infrastructure setup excluded"
"Smithy","wallHp","Wall HP","9","50","false","1","0","0","0","9","0","0","0","0","1.2483333333333333","4.5","1.2483333333333333","4.5","","1.3670886075949367","0.36183574879227054","1.3670886075949367","","0.9391304347826086","0.14348659003831418","0.9391304347826086","","All smiths dedicated to this row; instantaneous requeue; production and infrastructure setup excluded"
"Smithy","wallHp","Wall HP","10","50","false","1","0","0","0","10","0","0","0","0","1.8891666666666667","5","1.8891666666666667","5","","1.518987341772152","0.547584541062802","1.518987341772152","","1.0434782608695652","0.2171455938697318","1.0434782608695652","","All smiths dedicated to this row; instantaneous requeue; production and infrastructure setup excluded"
"Smithy","wallHp","Wall HP","11","50","false","0","1","0","0","10","1","0","0","0","2.850277777777778","5","2.850277777777778","5","","1.518987341772152","0.8261674718196458","1.518987341772152","","1.0434782608695652","0.32761813537675605","1.0434782608695652","","All smiths dedicated to this row; instantaneous requeue; production and infrastructure setup excluded"
"Smithy","wallHp","Wall HP","12","50","false","0","1","0","0","10","2","0","0","0","4.291944444444445","5","4.291944444444445","5","","1.518987341772152","1.2440418679549115","1.518987341772152","","1.0434782608695652","0.49332694763729246","1.0434782608695652","","All smiths dedicated to this row; instantaneous requeue; production and infrastructure setup excluded"
"Smithy","wallHp","Wall HP","13","50","false","0","1","0","0","10","3","0","0","0","6.454444444444444","5","6.454444444444444","6.454444444444444","","1.518987341772152","1.87085346215781","1.87085346215781","","1.0434782608695652","0.741890166028097","1.0434782608695652","","All smiths dedicated to this row; instantaneous requeue; production and infrastructure setup excluded"
"Smithy","wallHp","Wall HP","14","50","false","0","1","0","0","10","4","0","0","0","9.698055555555555","5","9.698055555555555","9.698055555555555","","1.518987341772152","2.8110305958132042","2.8110305958132042","","1.0434782608695652","1.1147190293742018","1.1147190293742018","","All smiths dedicated to this row; instantaneous requeue; production and infrastructure setup excluded"
"Smithy","wallHp","Wall HP","15","50","false","0","1","0","0","10","5","0","0","0","14.563611111111111","5","14.563611111111111","14.563611111111111","","1.518987341772152","4.22133655394525","4.22133655394525","","1.0434782608695652","1.6739782886334609","1.6739782886334609","","All smiths dedicated to this row; instantaneous requeue; production and infrastructure setup excluded"
"Smithy","wallHp","Wall HP","16","50","false","0","1","0","0","10","6","0","0","0","21.861944444444443","5","21.861944444444443","21.861944444444443","","1.518987341772152","6.3367954911433175","6.3367954911433175","","1.0434782608695652","2.5128671775223497","2.5128671775223497","","All smiths dedicated to this row; instantaneous requeue; production and infrastructure setup excluded"
"Smithy","wallHp","Wall HP","17","50","false","0","1","0","0","10","7","0","0","0","32.80916666666667","5","32.80916666666667","32.80916666666667","","1.518987341772152","9.509903381642513","9.509903381642513","","1.0434782608695652","3.7711685823754793","3.7711685823754793","","All smiths dedicated to this row; instantaneous requeue; production and infrastructure setup excluded"
"Smithy","wallHp","Wall HP","18","50","false","0","1","0","0","10","8","0","0","0","49.23027777777778","5","49.23027777777778","49.23027777777778","","1.518987341772152","14.269645732689213","14.269645732689213","","1.0434782608695652","5.658652618135377","5.658652618135377","","All smiths dedicated to this row; instantaneous requeue; production and infrastructure setup excluded"
"Smithy","wallHp","Wall HP","19","50","false","0","1","0","0","10","9","0","0","0","73.86194444444445","5","73.86194444444445","73.86194444444445","","1.588235294117647","21.409259259259258","21.409259259259258","","1.1739130434782608","8.489878671775223","8.489878671775223","","All smiths dedicated to this row; instantaneous requeue; production and infrastructure setup excluded"
"Smithy","wallHp","Wall HP","20","50","false","0","1","0","0","10","10","0","0","0","110.80916666666667","5.454545454545455","110.80916666666667","110.80916666666667","","1.7647058823529411","32.11859903381642","32.11859903381642","","1.3043478260869565","12.73668582375479","12.73668582375479","","All smiths dedicated to this row; instantaneous requeue; production and infrastructure setup excluded"
"Smithy","wallHp","Wall HP","21","50","false","0","1","0","0","10","11","0","0","0","166.23","6","166.23","166.23","","1.9411764705882353","48.18260869565218","48.18260869565218","","1.434782608695652","19.106896551724137","19.106896551724137","","All smiths dedicated to this row; instantaneous requeue; production and infrastructure setup excluded"
"Smithy","wallHp","Wall HP","22","50","false","0","1","0","0","10","12","0","0","0","249.36138888888888","6.545454545454546","249.36138888888888","249.36138888888888","","2.1176470588235294","72.27866344605476","72.27866344605476","","1.5652173913043477","28.66222860791827","28.66222860791827","","All smiths dedicated to this row; instantaneous requeue; production and infrastructure setup excluded"
"Smithy","wallHp","Wall HP","23","50","false","0","1","0","0","10","13","0","0","0","374.05861111111113","7.090909090909091","374.05861111111113","374.05861111111113","","2.2941176470588234","108.42278582930757","108.42278582930757","","1.6956521739130435","42.995242656449555","42.995242656449555","","All smiths dedicated to this row; instantaneous requeue; production and infrastructure setup excluded"
"Smithy","wallHp","Wall HP","24","50","false","0","1","0","0","10","14","0","0","0","561.1041666666666","7.636363636363637","561.1041666666666","561.1041666666666","","2.4705882352941173","162.63888888888889","162.63888888888889","","1.826086956521739","64.49473180076629","64.49473180076629","","All smiths dedicated to this row; instantaneous requeue; production and infrastructure setup excluded"
"Smithy","wallHp","Wall HP","25","50","false","0","1","0","0","10","15","0","0","0","841.6727777777778","8.181818181818182","841.6727777777778","841.6727777777778","","2.6470588235294117","243.96312399355878","243.96312399355878","","1.9565217391304348","96.74399744572159","96.74399744572159","","All smiths dedicated to this row; instantaneous requeue; production and infrastructure setup excluded"
"Smithy","wallHp","Wall HP","26","50","false","0","0","1","0","10","15","1","0","0","1262.5255555555555","8.181818181818182","1262.5255555555555","1262.5255555555555","","2.6470588235294117","365.9494363929147","365.9494363929147","","1.9565217391304348","145.11787994891444","145.11787994891444","","All smiths dedicated to this row; instantaneous requeue; production and infrastructure setup excluded"
"Smithy","wallHp","Wall HP","27","50","false","0","0","1","0","10","15","2","0","0","1893.8047222222222","8.181818181818182","1893.8047222222222","1893.8047222222222","","2.6470588235294117","548.9289049919485","548.9289049919485","","1.9565217391304348","217.6787037037037","217.6787037037037","","All smiths dedicated to this row; instantaneous requeue; production and infrastructure setup excluded"
"Smithy","wallHp","Wall HP","28","50","false","0","0","1","0","10","15","3","0","0","2840.723611111111","8.181818181818182","2840.723611111111","2840.723611111111","","2.6470588235294117","823.3981481481482","823.3981481481482","","1.9565217391304348","326.5199553001278","326.5199553001278","","All smiths dedicated to this row; instantaneous requeue; production and infrastructure setup excluded"
"Smithy","wallHp","Wall HP","29","50","false","0","0","1","0","10","15","4","0","0","4261.101944444445","8.181818181818182","4261.101944444445","4261.101944444445","","2.6470588235294117","1235.1020128824478","1235.1020128824478","","1.9565217391304348","489.7818326947637","489.7818326947637","","All smiths dedicated to this row; instantaneous requeue; production and infrastructure setup excluded"
"Smithy","wallHp","Wall HP","30","50","false","0","0","1","0","10","15","5","0","0","6391.669166666667","8.181818181818182","6391.669166666667","6391.669166666667","","2.6470588235294117","1852.6577294685992","1852.6577294685992","","1.9565217391304348","734.6746168582375","734.6746168582375","","All smiths dedicated to this row; instantaneous requeue; production and infrastructure setup excluded"
"Smithy","wallHp","Wall HP","31","50","false","0","0","1","0","10","15","6","0","0","9587.520277777778","8.181818181818182","9587.520277777778","9587.520277777778","","2.6470588235294117","2778.9913848631245","2778.9913848631245","","1.9565217391304348","1102.0138250319285","1102.0138250319285","","All smiths dedicated to this row; instantaneous requeue; production and infrastructure setup excluded"
"Smithy","wallHp","Wall HP","32","50","false","0","0","1","0","10","15","7","0","0","14381.296666666667","8.181818181818182","14381.296666666667","14381.296666666667","","2.6470588235294117","4168.491787439613","4168.491787439613","","1.9565217391304348","1653.022605363985","1653.022605363985","","All smiths dedicated to this row; instantaneous requeue; production and infrastructure setup excluded"
"Smithy","wallHp","Wall HP","33","50","false","0","0","1","0","10","15","8","0","0","21571.96138888889","8.181818181818182","21571.96138888889","21571.96138888889","","2.6470588235294117","6252.742431561997","6252.742431561997","","1.9565217391304348","2479.5357918263094","2479.5357918263094","","All smiths dedicated to this row; instantaneous requeue; production and infrastructure setup excluded"
"Smithy","wallHp","Wall HP","34","50","false","0","0","1","0","10","15","9","0","0","30331.96138888889","8.181818181818182","30331.96138888889","30331.96138888889","","2.6470588235294117","8791.872866344605","8791.872866344605","","1.9565217391304348","3486.432343550447","3486.432343550447","","All smiths dedicated to this row; instantaneous requeue; production and infrastructure setup excluded"
"Smithy","wallHp","Wall HP","35","50","false","0","0","1","0","10","15","10","0","0","39091.961388888885","8.181818181818182","39091.961388888885","39091.961388888885","","2.6470588235294117","11331.003301127213","11331.003301127213","","1.9565217391304348","4493.328895274585","4493.328895274585","","All smiths dedicated to this row; instantaneous requeue; production and infrastructure setup excluded"
"Smithy","wallHp","Wall HP","36","50","false","0","0","1","0","10","15","11","0","0","47851.961388888885","8.181818181818182","47851.961388888885","47851.961388888885","","2.6470588235294117","13870.133735909823","13870.133735909823","","1.9565217391304348","5500.225446998723","5500.225446998723","","All smiths dedicated to this row; instantaneous requeue; production and infrastructure setup excluded"
"Smithy","wallHp","Wall HP","37","50","false","0","0","1","0","10","15","12","0","0","56611.961388888885","8.181818181818182","56611.961388888885","56611.961388888885","","2.6470588235294117","16409.264170692433","16409.264170692433","","1.9565217391304348","6507.1219987228615","6507.1219987228615","","All smiths dedicated to this row; instantaneous requeue; production and infrastructure setup excluded"
"Smithy","wallHp","Wall HP","38","50","false","0","0","1","0","10","15","13","0","0","65371.961388888885","8.210526315789474","65371.961388888885","65371.961388888885","","2.6470588235294117","18948.394605475045","18948.394605475045","","1.9565217391304348","7514.018550446999","7514.018550446999","","All smiths dedicated to this row; instantaneous requeue; production and infrastructure setup excluded"
"Smithy","wallHp","Wall HP","39","50","false","0","0","1","0","10","15","14","0","0","74131.96138888889","8.842105263157896","74131.96138888889","74131.96138888889","","2.6470588235294117","21487.525040257653","21487.525040257653","","1.9565217391304348","8520.915102171137","8520.915102171137","","All smiths dedicated to this row; instantaneous requeue; production and infrastructure setup excluded"
"Smithy","wallHp","Wall HP","40","50","false","0","0","1","0","10","15","15","0","0","82891.96138888889","9.473684210526317","82891.96138888889","82891.96138888889","","2.6470588235294117","24026.65547504026","24026.65547504026","","1.9565217391304348","9527.811653895275","9527.811653895275","","All smiths dedicated to this row; instantaneous requeue; production and infrastructure setup excluded"
"Smithy","wallHp","Wall HP","41","50","false","0","0","1","0","10","15","16","0","0","91651.96138888889","10.105263157894738","91651.96138888889","91651.96138888889","","2.6470588235294117","26565.78590982287","26565.78590982287","","1.9565217391304348","10534.708205619412","10534.708205619412","","All smiths dedicated to this row; instantaneous requeue; production and infrastructure setup excluded"
"Smithy","wallHp","Wall HP","42","50","false","0","0","1","0","10","15","17","0","0","100411.96138888889","10.736842105263158","100411.96138888889","100411.96138888889","","2.6470588235294117","29104.916344605477","29104.916344605477","","1.9565217391304348","11541.604757343552","11541.604757343552","","All smiths dedicated to this row; instantaneous requeue; production and infrastructure setup excluded"
"Smithy","wallHp","Wall HP","43","50","false","0","0","1","0","10","15","18","0","0","109171.96138888889","11.368421052631579","109171.96138888889","109171.96138888889","","2.6470588235294117","31644.046779388085","31644.046779388085","","1.9565217391304348","12548.50130906769","12548.50130906769","","All smiths dedicated to this row; instantaneous requeue; production and infrastructure setup excluded"
"Smithy","wallHp","Wall HP","44","50","false","0","0","1","0","10","15","19","0","0","117931.96138888889","12","117931.96138888889","117931.96138888889","","2.7142857142857144","34183.1772141707","34183.1772141707","","1.9565217391304348","13555.397860791825","13555.397860791825","","All smiths dedicated to this row; instantaneous requeue; production and infrastructure setup excluded"
"Smithy","wallHp","Wall HP","45","50","false","0","0","1","0","10","15","20","0","0","126691.96138888889","12.631578947368421","126691.96138888889","126691.96138888889","","2.857142857142857","36722.307648953305","36722.307648953305","","1.9565217391304348","14562.294412515965","14562.294412515965","","All smiths dedicated to this row; instantaneous requeue; production and infrastructure setup excluded"
"Smithy","wallHp","Wall HP","46","50","false","0","0","1","0","10","15","21","0","0","135451.96138888889","13.263157894736842","135451.96138888889","135451.96138888889","","3","39261.43808373591","39261.43808373591","","1.9565217391304348","15569.190964240102","15569.190964240102","","All smiths dedicated to this row; instantaneous requeue; production and infrastructure setup excluded"
"Smithy","wallHp","Wall HP","47","50","false","0","0","1","0","10","15","22","0","0","144211.96138888889","13.894736842105264","144211.96138888889","144211.96138888889","","3.142857142857143","41800.568518518514","41800.568518518514","","1.9565217391304348","16576.08751596424","16576.08751596424","","All smiths dedicated to this row; instantaneous requeue; production and infrastructure setup excluded"
"Smithy","wallHp","Wall HP","48","50","false","0","0","1","0","10","15","23","0","0","152971.96138888889","14.526315789473685","152971.96138888889","152971.96138888889","","3.2857142857142856","44339.69895330113","44339.69895330113","","1.9565217391304348","17582.984067688376","17582.984067688376","","All smiths dedicated to this row; instantaneous requeue; production and infrastructure setup excluded"
"Smithy","wallHp","Wall HP","49","50","false","0","0","1","0","10","15","24","0","0","161731.96138888889","15.157894736842106","161731.96138888889","161731.96138888889","","3.4285714285714284","46878.829388083745","46878.829388083745","","2","18589.880619412517","18589.880619412517","","All smiths dedicated to this row; instantaneous requeue; production and infrastructure setup excluded"
"Smithy","wallHp","Wall HP","50","50","true","0","0","1","0","10","15","25","0","0","170491.96138888889","15.789473684210527","170491.96138888889","170491.96138888889","","3.5714285714285716","49417.959822866345","49417.959822866345","","2.0833333333333335","19596.777171136655","19596.777171136655","","All smiths dedicated to this row; instantaneous requeue; production and infrastructure setup excluded"
"Smithy","keepHp","Keep HP","1","50","false","1","0","0","0","1","0","0","0","0","0.016666666666666666","0.5","0.016666666666666666","0.5","","0.1518987341772152","0.004830917874396136","0.1518987341772152","","0.10434782608695652","0.0019157088122605365","0.10434782608695652","","All smiths dedicated to this row; instantaneous requeue; production and infrastructure setup excluded"
"Smithy","keepHp","Keep HP","2","50","false","1","0","0","0","2","0","0","0","0","0.041666666666666664","1","0.041666666666666664","1","","0.3037974683544304","0.012077294685990338","0.3037974683544304","","0.20869565217391303","0.0047892720306513415","0.20869565217391303","","All smiths dedicated to this row; instantaneous requeue; production and infrastructure setup excluded"
"Smithy","keepHp","Keep HP","3","50","false","1","0","0","0","3","0","0","0","0","0.07916666666666666","1.5","0.07916666666666666","1.5","","0.4556962025316456","0.022946859903381644","0.4556962025316456","","0.31304347826086953","0.009099616858237548","0.31304347826086953","","All smiths dedicated to this row; instantaneous requeue; production and infrastructure setup excluded"
"Smithy","keepHp","Keep HP","4","50","false","1","0","0","0","4","0","0","0","0","0.13555555555555557","2","0.13555555555555557","2","","0.6075949367088608","0.0392914653784219","0.6075949367088608","","0.41739130434782606","0.015581098339719029","0.41739130434782606","","All smiths dedicated to this row; instantaneous requeue; production and infrastructure setup excluded"
"Smithy","keepHp","Keep HP","5","50","false","1","0","0","0","5","0","0","0","0","0.22","2.5","0.22","2.5","","0.759493670886076","0.063768115942029","0.759493670886076","","0.5217391304347826","0.025287356321839084","0.5217391304347826","","All smiths dedicated to this row; instantaneous requeue; production and infrastructure setup excluded"
"Smithy","keepHp","Keep HP","6","50","false","1","0","0","0","6","0","0","0","0","0.3466666666666667","3","0.3466666666666667","3","","0.9113924050632912","0.10048309178743962","0.9113924050632912","","0.6260869565217391","0.03984674329501916","0.6260869565217391","","All smiths dedicated to this row; instantaneous requeue; production and infrastructure setup excluded"
"Smithy","keepHp","Keep HP","7","50","false","1","0","0","0","7","0","0","0","0","0.5363888888888889","3.5","0.5363888888888889","3.5","","1.0632911392405064","0.15547504025764897","1.0632911392405064","","0.7304347826086957","0.061653895274584924","0.7304347826086957","","All smiths dedicated to this row; instantaneous requeue; production and infrastructure setup excluded"
"Smithy","keepHp","Keep HP","8","50","false","1","0","0","0","8","0","0","0","0","0.8211111111111111","4","0.8211111111111111","4","","1.2151898734177216","0.23800322061191628","1.2151898734177216","","0.8347826086956521","0.09438058748403577","0.8347826086956521","","All smiths dedicated to this row; instantaneous requeue; production and infrastructure setup excluded"
"Smithy","keepHp","Keep HP","9","50","false","1","0","0","0","9","0","0","0","0","1.2483333333333333","4.5","1.2483333333333333","4.5","","1.3670886075949367","0.36183574879227054","1.3670886075949367","","0.9391304347826086","0.14348659003831418","0.9391304347826086","","All smiths dedicated to this row; instantaneous requeue; production and infrastructure setup excluded"
"Smithy","keepHp","Keep HP","10","50","false","1","0","0","0","10","0","0","0","0","1.8891666666666667","5","1.8891666666666667","5","","1.518987341772152","0.547584541062802","1.518987341772152","","1.0434782608695652","0.2171455938697318","1.0434782608695652","","All smiths dedicated to this row; instantaneous requeue; production and infrastructure setup excluded"
"Smithy","keepHp","Keep HP","11","50","false","0","1","0","0","10","1","0","0","0","2.850277777777778","5","2.850277777777778","5","","1.518987341772152","0.8261674718196458","1.518987341772152","","1.0434782608695652","0.32761813537675605","1.0434782608695652","","All smiths dedicated to this row; instantaneous requeue; production and infrastructure setup excluded"
"Smithy","keepHp","Keep HP","12","50","false","0","1","0","0","10","2","0","0","0","4.291944444444445","5","4.291944444444445","5","","1.518987341772152","1.2440418679549115","1.518987341772152","","1.0434782608695652","0.49332694763729246","1.0434782608695652","","All smiths dedicated to this row; instantaneous requeue; production and infrastructure setup excluded"
"Smithy","keepHp","Keep HP","13","50","false","0","1","0","0","10","3","0","0","0","6.454444444444444","5","6.454444444444444","6.454444444444444","","1.518987341772152","1.87085346215781","1.87085346215781","","1.0434782608695652","0.741890166028097","1.0434782608695652","","All smiths dedicated to this row; instantaneous requeue; production and infrastructure setup excluded"
"Smithy","keepHp","Keep HP","14","50","false","0","1","0","0","10","4","0","0","0","9.698055555555555","5","9.698055555555555","9.698055555555555","","1.518987341772152","2.8110305958132042","2.8110305958132042","","1.0434782608695652","1.1147190293742018","1.1147190293742018","","All smiths dedicated to this row; instantaneous requeue; production and infrastructure setup excluded"
"Smithy","keepHp","Keep HP","15","50","false","0","1","0","0","10","5","0","0","0","14.563611111111111","5","14.563611111111111","14.563611111111111","","1.518987341772152","4.22133655394525","4.22133655394525","","1.0434782608695652","1.6739782886334609","1.6739782886334609","","All smiths dedicated to this row; instantaneous requeue; production and infrastructure setup excluded"
"Smithy","keepHp","Keep HP","16","50","false","0","1","0","0","10","6","0","0","0","21.861944444444443","5","21.861944444444443","21.861944444444443","","1.518987341772152","6.3367954911433175","6.3367954911433175","","1.0434782608695652","2.5128671775223497","2.5128671775223497","","All smiths dedicated to this row; instantaneous requeue; production and infrastructure setup excluded"
"Smithy","keepHp","Keep HP","17","50","false","0","1","0","0","10","7","0","0","0","32.80916666666667","5","32.80916666666667","32.80916666666667","","1.518987341772152","9.509903381642513","9.509903381642513","","1.0434782608695652","3.7711685823754793","3.7711685823754793","","All smiths dedicated to this row; instantaneous requeue; production and infrastructure setup excluded"
"Smithy","keepHp","Keep HP","18","50","false","0","1","0","0","10","8","0","0","0","49.23027777777778","5","49.23027777777778","49.23027777777778","","1.518987341772152","14.269645732689213","14.269645732689213","","1.0434782608695652","5.658652618135377","5.658652618135377","","All smiths dedicated to this row; instantaneous requeue; production and infrastructure setup excluded"
"Smithy","keepHp","Keep HP","19","50","false","0","1","0","0","10","9","0","0","0","73.86194444444445","5","73.86194444444445","73.86194444444445","","1.588235294117647","21.409259259259258","21.409259259259258","","1.1739130434782608","8.489878671775223","8.489878671775223","","All smiths dedicated to this row; instantaneous requeue; production and infrastructure setup excluded"
"Smithy","keepHp","Keep HP","20","50","false","0","1","0","0","10","10","0","0","0","110.80916666666667","5.454545454545455","110.80916666666667","110.80916666666667","","1.7647058823529411","32.11859903381642","32.11859903381642","","1.3043478260869565","12.73668582375479","12.73668582375479","","All smiths dedicated to this row; instantaneous requeue; production and infrastructure setup excluded"
"Smithy","keepHp","Keep HP","21","50","false","0","1","0","0","10","11","0","0","0","166.23","6","166.23","166.23","","1.9411764705882353","48.18260869565218","48.18260869565218","","1.434782608695652","19.106896551724137","19.106896551724137","","All smiths dedicated to this row; instantaneous requeue; production and infrastructure setup excluded"
"Smithy","keepHp","Keep HP","22","50","false","0","1","0","0","10","12","0","0","0","249.36138888888888","6.545454545454546","249.36138888888888","249.36138888888888","","2.1176470588235294","72.27866344605476","72.27866344605476","","1.5652173913043477","28.66222860791827","28.66222860791827","","All smiths dedicated to this row; instantaneous requeue; production and infrastructure setup excluded"
"Smithy","keepHp","Keep HP","23","50","false","0","1","0","0","10","13","0","0","0","374.05861111111113","7.090909090909091","374.05861111111113","374.05861111111113","","2.2941176470588234","108.42278582930757","108.42278582930757","","1.6956521739130435","42.995242656449555","42.995242656449555","","All smiths dedicated to this row; instantaneous requeue; production and infrastructure setup excluded"
"Smithy","keepHp","Keep HP","24","50","false","0","1","0","0","10","14","0","0","0","561.1041666666666","7.636363636363637","561.1041666666666","561.1041666666666","","2.4705882352941173","162.63888888888889","162.63888888888889","","1.826086956521739","64.49473180076629","64.49473180076629","","All smiths dedicated to this row; instantaneous requeue; production and infrastructure setup excluded"
"Smithy","keepHp","Keep HP","25","50","false","0","1","0","0","10","15","0","0","0","841.6727777777778","8.181818181818182","841.6727777777778","841.6727777777778","","2.6470588235294117","243.96312399355878","243.96312399355878","","1.9565217391304348","96.74399744572159","96.74399744572159","","All smiths dedicated to this row; instantaneous requeue; production and infrastructure setup excluded"
"Smithy","keepHp","Keep HP","26","50","false","0","0","1","0","10","15","1","0","0","1262.5255555555555","8.181818181818182","1262.5255555555555","1262.5255555555555","","2.6470588235294117","365.9494363929147","365.9494363929147","","1.9565217391304348","145.11787994891444","145.11787994891444","","All smiths dedicated to this row; instantaneous requeue; production and infrastructure setup excluded"
"Smithy","keepHp","Keep HP","27","50","false","0","0","1","0","10","15","2","0","0","1893.8047222222222","8.181818181818182","1893.8047222222222","1893.8047222222222","","2.6470588235294117","548.9289049919485","548.9289049919485","","1.9565217391304348","217.6787037037037","217.6787037037037","","All smiths dedicated to this row; instantaneous requeue; production and infrastructure setup excluded"
"Smithy","keepHp","Keep HP","28","50","false","0","0","1","0","10","15","3","0","0","2840.723611111111","8.181818181818182","2840.723611111111","2840.723611111111","","2.6470588235294117","823.3981481481482","823.3981481481482","","1.9565217391304348","326.5199553001278","326.5199553001278","","All smiths dedicated to this row; instantaneous requeue; production and infrastructure setup excluded"
"Smithy","keepHp","Keep HP","29","50","false","0","0","1","0","10","15","4","0","0","4261.101944444445","8.181818181818182","4261.101944444445","4261.101944444445","","2.6470588235294117","1235.1020128824478","1235.1020128824478","","1.9565217391304348","489.7818326947637","489.7818326947637","","All smiths dedicated to this row; instantaneous requeue; production and infrastructure setup excluded"
"Smithy","keepHp","Keep HP","30","50","false","0","0","1","0","10","15","5","0","0","6391.669166666667","8.181818181818182","6391.669166666667","6391.669166666667","","2.6470588235294117","1852.6577294685992","1852.6577294685992","","1.9565217391304348","734.6746168582375","734.6746168582375","","All smiths dedicated to this row; instantaneous requeue; production and infrastructure setup excluded"
"Smithy","keepHp","Keep HP","31","50","false","0","0","1","0","10","15","6","0","0","9587.520277777778","8.181818181818182","9587.520277777778","9587.520277777778","","2.6470588235294117","2778.9913848631245","2778.9913848631245","","1.9565217391304348","1102.0138250319285","1102.0138250319285","","All smiths dedicated to this row; instantaneous requeue; production and infrastructure setup excluded"
"Smithy","keepHp","Keep HP","32","50","false","0","0","1","0","10","15","7","0","0","14381.296666666667","8.181818181818182","14381.296666666667","14381.296666666667","","2.6470588235294117","4168.491787439613","4168.491787439613","","1.9565217391304348","1653.022605363985","1653.022605363985","","All smiths dedicated to this row; instantaneous requeue; production and infrastructure setup excluded"
"Smithy","keepHp","Keep HP","33","50","false","0","0","1","0","10","15","8","0","0","21571.96138888889","8.181818181818182","21571.96138888889","21571.96138888889","","2.6470588235294117","6252.742431561997","6252.742431561997","","1.9565217391304348","2479.5357918263094","2479.5357918263094","","All smiths dedicated to this row; instantaneous requeue; production and infrastructure setup excluded"
"Smithy","keepHp","Keep HP","34","50","false","0","0","1","0","10","15","9","0","0","30331.96138888889","8.181818181818182","30331.96138888889","30331.96138888889","","2.6470588235294117","8791.872866344605","8791.872866344605","","1.9565217391304348","3486.432343550447","3486.432343550447","","All smiths dedicated to this row; instantaneous requeue; production and infrastructure setup excluded"
"Smithy","keepHp","Keep HP","35","50","false","0","0","1","0","10","15","10","0","0","39091.961388888885","8.181818181818182","39091.961388888885","39091.961388888885","","2.6470588235294117","11331.003301127213","11331.003301127213","","1.9565217391304348","4493.328895274585","4493.328895274585","","All smiths dedicated to this row; instantaneous requeue; production and infrastructure setup excluded"
"Smithy","keepHp","Keep HP","36","50","false","0","0","1","0","10","15","11","0","0","47851.961388888885","8.181818181818182","47851.961388888885","47851.961388888885","","2.6470588235294117","13870.133735909823","13870.133735909823","","1.9565217391304348","5500.225446998723","5500.225446998723","","All smiths dedicated to this row; instantaneous requeue; production and infrastructure setup excluded"
"Smithy","keepHp","Keep HP","37","50","false","0","0","1","0","10","15","12","0","0","56611.961388888885","8.181818181818182","56611.961388888885","56611.961388888885","","2.6470588235294117","16409.264170692433","16409.264170692433","","1.9565217391304348","6507.1219987228615","6507.1219987228615","","All smiths dedicated to this row; instantaneous requeue; production and infrastructure setup excluded"
"Smithy","keepHp","Keep HP","38","50","false","0","0","1","0","10","15","13","0","0","65371.961388888885","8.210526315789474","65371.961388888885","65371.961388888885","","2.6470588235294117","18948.394605475045","18948.394605475045","","1.9565217391304348","7514.018550446999","7514.018550446999","","All smiths dedicated to this row; instantaneous requeue; production and infrastructure setup excluded"
"Smithy","keepHp","Keep HP","39","50","false","0","0","1","0","10","15","14","0","0","74131.96138888889","8.842105263157896","74131.96138888889","74131.96138888889","","2.6470588235294117","21487.525040257653","21487.525040257653","","1.9565217391304348","8520.915102171137","8520.915102171137","","All smiths dedicated to this row; instantaneous requeue; production and infrastructure setup excluded"
"Smithy","keepHp","Keep HP","40","50","false","0","0","1","0","10","15","15","0","0","82891.96138888889","9.473684210526317","82891.96138888889","82891.96138888889","","2.6470588235294117","24026.65547504026","24026.65547504026","","1.9565217391304348","9527.811653895275","9527.811653895275","","All smiths dedicated to this row; instantaneous requeue; production and infrastructure setup excluded"
"Smithy","keepHp","Keep HP","41","50","false","0","0","1","0","10","15","16","0","0","91651.96138888889","10.105263157894738","91651.96138888889","91651.96138888889","","2.6470588235294117","26565.78590982287","26565.78590982287","","1.9565217391304348","10534.708205619412","10534.708205619412","","All smiths dedicated to this row; instantaneous requeue; production and infrastructure setup excluded"
"Smithy","keepHp","Keep HP","42","50","false","0","0","1","0","10","15","17","0","0","100411.96138888889","10.736842105263158","100411.96138888889","100411.96138888889","","2.6470588235294117","29104.916344605477","29104.916344605477","","1.9565217391304348","11541.604757343552","11541.604757343552","","All smiths dedicated to this row; instantaneous requeue; production and infrastructure setup excluded"
"Smithy","keepHp","Keep HP","43","50","false","0","0","1","0","10","15","18","0","0","109171.96138888889","11.368421052631579","109171.96138888889","109171.96138888889","","2.6470588235294117","31644.046779388085","31644.046779388085","","1.9565217391304348","12548.50130906769","12548.50130906769","","All smiths dedicated to this row; instantaneous requeue; production and infrastructure setup excluded"
"Smithy","keepHp","Keep HP","44","50","false","0","0","1","0","10","15","19","0","0","117931.96138888889","12","117931.96138888889","117931.96138888889","","2.7142857142857144","34183.1772141707","34183.1772141707","","1.9565217391304348","13555.397860791825","13555.397860791825","","All smiths dedicated to this row; instantaneous requeue; production and infrastructure setup excluded"
"Smithy","keepHp","Keep HP","45","50","false","0","0","1","0","10","15","20","0","0","126691.96138888889","12.631578947368421","126691.96138888889","126691.96138888889","","2.857142857142857","36722.307648953305","36722.307648953305","","1.9565217391304348","14562.294412515965","14562.294412515965","","All smiths dedicated to this row; instantaneous requeue; production and infrastructure setup excluded"
"Smithy","keepHp","Keep HP","46","50","false","0","0","1","0","10","15","21","0","0","135451.96138888889","13.263157894736842","135451.96138888889","135451.96138888889","","3","39261.43808373591","39261.43808373591","","1.9565217391304348","15569.190964240102","15569.190964240102","","All smiths dedicated to this row; instantaneous requeue; production and infrastructure setup excluded"
"Smithy","keepHp","Keep HP","47","50","false","0","0","1","0","10","15","22","0","0","144211.96138888889","13.894736842105264","144211.96138888889","144211.96138888889","","3.142857142857143","41800.568518518514","41800.568518518514","","1.9565217391304348","16576.08751596424","16576.08751596424","","All smiths dedicated to this row; instantaneous requeue; production and infrastructure setup excluded"
"Smithy","keepHp","Keep HP","48","50","false","0","0","1","0","10","15","23","0","0","152971.96138888889","14.526315789473685","152971.96138888889","152971.96138888889","","3.2857142857142856","44339.69895330113","44339.69895330113","","1.9565217391304348","17582.984067688376","17582.984067688376","","All smiths dedicated to this row; instantaneous requeue; production and infrastructure setup excluded"
"Smithy","keepHp","Keep HP","49","50","false","0","0","1","0","10","15","24","0","0","161731.96138888889","15.157894736842106","161731.96138888889","161731.96138888889","","3.4285714285714284","46878.829388083745","46878.829388083745","","2","18589.880619412517","18589.880619412517","","All smiths dedicated to this row; instantaneous requeue; production and infrastructure setup excluded"
"Smithy","keepHp","Keep HP","50","50","true","0","0","1","0","10","15","25","0","0","170491.96138888889","15.789473684210527","170491.96138888889","170491.96138888889","","3.5714285714285716","49417.959822866345","49417.959822866345","","2.0833333333333335","19596.777171136655","19596.777171136655","","All smiths dedicated to this row; instantaneous requeue; production and infrastructure setup excluded"
"Smithy","rebuild","Rebuild speed","1","30","false","1","0","0","0","1","0","0","0","0","0.016666666666666666","0.5","0.016666666666666666","0.5","","0.1518987341772152","0.004830917874396136","0.1518987341772152","","0.10434782608695652","0.0019157088122605365","0.10434782608695652","","All smiths dedicated to this row; instantaneous requeue; production and infrastructure setup excluded"
"Smithy","rebuild","Rebuild speed","2","30","false","1","0","0","0","2","0","0","0","0","0.041666666666666664","1","0.041666666666666664","1","","0.3037974683544304","0.012077294685990338","0.3037974683544304","","0.20869565217391303","0.0047892720306513415","0.20869565217391303","","All smiths dedicated to this row; instantaneous requeue; production and infrastructure setup excluded"
"Smithy","rebuild","Rebuild speed","3","30","false","1","0","0","0","3","0","0","0","0","0.07916666666666666","1.5","0.07916666666666666","1.5","","0.4556962025316456","0.022946859903381644","0.4556962025316456","","0.31304347826086953","0.009099616858237548","0.31304347826086953","","All smiths dedicated to this row; instantaneous requeue; production and infrastructure setup excluded"
"Smithy","rebuild","Rebuild speed","4","30","false","1","0","0","0","4","0","0","0","0","0.13555555555555557","2","0.13555555555555557","2","","0.6075949367088608","0.0392914653784219","0.6075949367088608","","0.41739130434782606","0.015581098339719029","0.41739130434782606","","All smiths dedicated to this row; instantaneous requeue; production and infrastructure setup excluded"
"Smithy","rebuild","Rebuild speed","5","30","false","1","0","0","0","5","0","0","0","0","0.22","2.5","0.22","2.5","","0.759493670886076","0.063768115942029","0.759493670886076","","0.5217391304347826","0.025287356321839084","0.5217391304347826","","All smiths dedicated to this row; instantaneous requeue; production and infrastructure setup excluded"
"Smithy","rebuild","Rebuild speed","6","30","false","1","0","0","0","6","0","0","0","0","0.3466666666666667","3","0.3466666666666667","3","","0.9113924050632912","0.10048309178743962","0.9113924050632912","","0.6260869565217391","0.03984674329501916","0.6260869565217391","","All smiths dedicated to this row; instantaneous requeue; production and infrastructure setup excluded"
"Smithy","rebuild","Rebuild speed","7","30","false","1","0","0","0","7","0","0","0","0","0.5363888888888889","3.5","0.5363888888888889","3.5","","1.0632911392405064","0.15547504025764897","1.0632911392405064","","0.7304347826086957","0.061653895274584924","0.7304347826086957","","All smiths dedicated to this row; instantaneous requeue; production and infrastructure setup excluded"
"Smithy","rebuild","Rebuild speed","8","30","false","1","0","0","0","8","0","0","0","0","0.8211111111111111","4","0.8211111111111111","4","","1.2151898734177216","0.23800322061191628","1.2151898734177216","","0.8347826086956521","0.09438058748403577","0.8347826086956521","","All smiths dedicated to this row; instantaneous requeue; production and infrastructure setup excluded"
"Smithy","rebuild","Rebuild speed","9","30","false","1","0","0","0","9","0","0","0","0","1.2483333333333333","4.5","1.2483333333333333","4.5","","1.3670886075949367","0.36183574879227054","1.3670886075949367","","0.9391304347826086","0.14348659003831418","0.9391304347826086","","All smiths dedicated to this row; instantaneous requeue; production and infrastructure setup excluded"
"Smithy","rebuild","Rebuild speed","10","30","false","1","0","0","0","10","0","0","0","0","1.8891666666666667","5","1.8891666666666667","5","","1.518987341772152","0.547584541062802","1.518987341772152","","1.0434782608695652","0.2171455938697318","1.0434782608695652","","All smiths dedicated to this row; instantaneous requeue; production and infrastructure setup excluded"
"Smithy","rebuild","Rebuild speed","11","30","false","0","1","0","0","10","1","0","0","0","2.850277777777778","5","2.850277777777778","5","","1.518987341772152","0.8261674718196458","1.518987341772152","","1.0434782608695652","0.32761813537675605","1.0434782608695652","","All smiths dedicated to this row; instantaneous requeue; production and infrastructure setup excluded"
"Smithy","rebuild","Rebuild speed","12","30","false","0","1","0","0","10","2","0","0","0","4.291944444444445","5","4.291944444444445","5","","1.518987341772152","1.2440418679549115","1.518987341772152","","1.0434782608695652","0.49332694763729246","1.0434782608695652","","All smiths dedicated to this row; instantaneous requeue; production and infrastructure setup excluded"
"Smithy","rebuild","Rebuild speed","13","30","false","0","1","0","0","10","3","0","0","0","6.454444444444444","5","6.454444444444444","6.454444444444444","","1.518987341772152","1.87085346215781","1.87085346215781","","1.0434782608695652","0.741890166028097","1.0434782608695652","","All smiths dedicated to this row; instantaneous requeue; production and infrastructure setup excluded"
"Smithy","rebuild","Rebuild speed","14","30","false","0","1","0","0","10","4","0","0","0","9.698055555555555","5","9.698055555555555","9.698055555555555","","1.518987341772152","2.8110305958132042","2.8110305958132042","","1.0434782608695652","1.1147190293742018","1.1147190293742018","","All smiths dedicated to this row; instantaneous requeue; production and infrastructure setup excluded"
"Smithy","rebuild","Rebuild speed","15","30","false","0","1","0","0","10","5","0","0","0","14.563611111111111","5","14.563611111111111","14.563611111111111","","1.518987341772152","4.22133655394525","4.22133655394525","","1.0434782608695652","1.6739782886334609","1.6739782886334609","","All smiths dedicated to this row; instantaneous requeue; production and infrastructure setup excluded"
"Smithy","rebuild","Rebuild speed","16","30","false","0","1","0","0","10","6","0","0","0","21.861944444444443","5","21.861944444444443","21.861944444444443","","1.518987341772152","6.3367954911433175","6.3367954911433175","","1.0434782608695652","2.5128671775223497","2.5128671775223497","","All smiths dedicated to this row; instantaneous requeue; production and infrastructure setup excluded"
"Smithy","rebuild","Rebuild speed","17","30","false","0","1","0","0","10","7","0","0","0","32.80916666666667","5","32.80916666666667","32.80916666666667","","1.518987341772152","9.509903381642513","9.509903381642513","","1.0434782608695652","3.7711685823754793","3.7711685823754793","","All smiths dedicated to this row; instantaneous requeue; production and infrastructure setup excluded"
"Smithy","rebuild","Rebuild speed","18","30","false","0","1","0","0","10","8","0","0","0","49.23027777777778","5","49.23027777777778","49.23027777777778","","1.518987341772152","14.269645732689213","14.269645732689213","","1.0434782608695652","5.658652618135377","5.658652618135377","","All smiths dedicated to this row; instantaneous requeue; production and infrastructure setup excluded"
"Smithy","rebuild","Rebuild speed","19","30","false","0","1","0","0","10","9","0","0","0","73.86194444444445","5","73.86194444444445","73.86194444444445","","1.588235294117647","21.409259259259258","21.409259259259258","","1.1739130434782608","8.489878671775223","8.489878671775223","","All smiths dedicated to this row; instantaneous requeue; production and infrastructure setup excluded"
"Smithy","rebuild","Rebuild speed","20","30","false","0","1","0","0","10","10","0","0","0","110.80916666666667","5.454545454545455","110.80916666666667","110.80916666666667","","1.7647058823529411","32.11859903381642","32.11859903381642","","1.3043478260869565","12.73668582375479","12.73668582375479","","All smiths dedicated to this row; instantaneous requeue; production and infrastructure setup excluded"
"Smithy","rebuild","Rebuild speed","21","30","false","0","1","0","0","10","11","0","0","0","166.23","6","166.23","166.23","","1.9411764705882353","48.18260869565218","48.18260869565218","","1.434782608695652","19.106896551724137","19.106896551724137","","All smiths dedicated to this row; instantaneous requeue; production and infrastructure setup excluded"
"Smithy","rebuild","Rebuild speed","22","30","false","0","1","0","0","10","12","0","0","0","249.36138888888888","6.545454545454546","249.36138888888888","249.36138888888888","","2.1176470588235294","72.27866344605476","72.27866344605476","","1.5652173913043477","28.66222860791827","28.66222860791827","","All smiths dedicated to this row; instantaneous requeue; production and infrastructure setup excluded"
"Smithy","rebuild","Rebuild speed","23","30","false","0","1","0","0","10","13","0","0","0","374.05861111111113","7.090909090909091","374.05861111111113","374.05861111111113","","2.2941176470588234","108.42278582930757","108.42278582930757","","1.6956521739130435","42.995242656449555","42.995242656449555","","All smiths dedicated to this row; instantaneous requeue; production and infrastructure setup excluded"
"Smithy","rebuild","Rebuild speed","24","30","false","0","1","0","0","10","14","0","0","0","561.1041666666666","7.636363636363637","561.1041666666666","561.1041666666666","","2.4705882352941173","162.63888888888889","162.63888888888889","","1.826086956521739","64.49473180076629","64.49473180076629","","All smiths dedicated to this row; instantaneous requeue; production and infrastructure setup excluded"
"Smithy","rebuild","Rebuild speed","25","30","false","0","1","0","0","10","15","0","0","0","841.6727777777778","8.181818181818182","841.6727777777778","841.6727777777778","","2.6470588235294117","243.96312399355878","243.96312399355878","","1.9565217391304348","96.74399744572159","96.74399744572159","","All smiths dedicated to this row; instantaneous requeue; production and infrastructure setup excluded"
"Smithy","rebuild","Rebuild speed","26","30","false","0","0","1","0","10","15","1","0","0","1262.5255555555555","8.181818181818182","1262.5255555555555","1262.5255555555555","","2.6470588235294117","365.9494363929147","365.9494363929147","","1.9565217391304348","145.11787994891444","145.11787994891444","","All smiths dedicated to this row; instantaneous requeue; production and infrastructure setup excluded"
"Smithy","rebuild","Rebuild speed","27","30","false","0","0","1","0","10","15","2","0","0","1893.8047222222222","8.181818181818182","1893.8047222222222","1893.8047222222222","","2.6470588235294117","548.9289049919485","548.9289049919485","","1.9565217391304348","217.6787037037037","217.6787037037037","","All smiths dedicated to this row; instantaneous requeue; production and infrastructure setup excluded"
"Smithy","rebuild","Rebuild speed","28","30","false","0","0","1","0","10","15","3","0","0","2840.723611111111","8.181818181818182","2840.723611111111","2840.723611111111","","2.6470588235294117","823.3981481481482","823.3981481481482","","1.9565217391304348","326.5199553001278","326.5199553001278","","All smiths dedicated to this row; instantaneous requeue; production and infrastructure setup excluded"
"Smithy","rebuild","Rebuild speed","29","30","false","0","0","1","0","10","15","4","0","0","4261.101944444445","8.181818181818182","4261.101944444445","4261.101944444445","","2.6470588235294117","1235.1020128824478","1235.1020128824478","","1.9565217391304348","489.7818326947637","489.7818326947637","","All smiths dedicated to this row; instantaneous requeue; production and infrastructure setup excluded"
"Smithy","rebuild","Rebuild speed","30","30","true","0","0","1","0","10","15","5","0","0","6391.669166666667","8.181818181818182","6391.669166666667","6391.669166666667","","2.6470588235294117","1852.6577294685992","1852.6577294685992","","1.9565217391304348","734.6746168582375","734.6746168582375","","All smiths dedicated to this row; instantaneous requeue; production and infrastructure setup excluded"
"Study skill","drillSergeant","Drill sergeant","1","3","false","0","0","0","1","0","0","0","1","0","0","0.08333333333333333","0","0.08333333333333333","","0.004166666666666667","0","0.004166666666666667","","0.0009090909090909091","0","0.0009090909090909091","","Requires a living lab researcher; minimal skill prerequisites included"
"Study skill","drillSergeant","Drill sergeant","2","3","false","0","0","0","2","0","0","0","3","0","0","0.25","0","0.25","","0.0125","0","0.0125","","0.0027272727272727275","0","0.0027272727272727275","","Requires a living lab researcher; minimal skill prerequisites included"
"Study skill","drillSergeant","Drill sergeant","3","3","true","0","0","0","3","0","0","0","6","0","0","0.5","0","0.5","","0.025","0","0.025","","0.005454545454545455","0","0.005454545454545455","","Requires a living lab researcher; minimal skill prerequisites included"
"Study skill","veterans","Veterans","1","3","false","0","0","0","2","0","0","0","2","1","0","0.25","0","0.25","","0.0125","0","0.0125","","0.0027272727272727275","0","0.0027272727272727275","","Requires a living lab researcher; minimal skill prerequisites included"
"Study skill","veterans","Veterans","2","3","false","0","0","0","4","0","0","0","6","1","0","0.5833333333333334","0","0.5833333333333334","","0.029166666666666667","0","0.029166666666666667","","0.006363636363636364","0","0.006363636363636364","","Requires a living lab researcher; minimal skill prerequisites included"
"Study skill","veterans","Veterans","3","3","true","0","0","0","6","0","0","0","12","1","0","1.0833333333333333","0","1.0833333333333333","","0.05416666666666667","0","0.05416666666666667","","0.011818181818181818","0","0.011818181818181818","","Requires a living lab researcher; minimal skill prerequisites included"
"Study skill","bladework","Bladework","1","3","false","0","0","0","2","0","0","0","2","1","0","0.25","0","0.25","","0.0125","0","0.0125","","0.0027272727272727275","0","0.0027272727272727275","","Requires a living lab researcher; minimal skill prerequisites included"
"Study skill","bladework","Bladework","2","3","false","0","0","0","4","0","0","0","6","1","0","0.5833333333333334","0","0.5833333333333334","","0.029166666666666667","0","0.029166666666666667","","0.006363636363636364","0","0.006363636363636364","","Requires a living lab researcher; minimal skill prerequisites included"
"Study skill","bladework","Bladework","3","3","true","0","0","0","6","0","0","0","12","1","0","1.0833333333333333","0","1.0833333333333333","","0.05416666666666667","0","0.05416666666666667","","0.011818181818181818","0","0.011818181818181818","","Requires a living lab researcher; minimal skill prerequisites included"
"Study skill","fletchers","Fletchers","1","3","false","0","0","0","3","0","0","0","3","3","0","0.5","0","0.5","","0.025","0","0.025","","0.005454545454545455","0","0.005454545454545455","","Requires a living lab researcher; minimal skill prerequisites included"
"Study skill","fletchers","Fletchers","2","3","false","0","0","0","6","0","0","0","9","3","0","1","0","1","","0.05","0","0.05","","0.01090909090909091","0","0.01090909090909091","","Requires a living lab researcher; minimal skill prerequisites included"
"Study skill","fletchers","Fletchers","3","3","true","0","0","0","9","0","0","0","18","3","0","1.75","0","1.75","","0.0875","0","0.0875","","0.019090909090909092","0","0.019090909090909092","","Requires a living lab researcher; minimal skill prerequisites included"
"Study skill","ballistics","Ballistics","1","3","false","0","0","0","3","0","0","0","3","10","0","1.0833333333333333","0","1.0833333333333333","","0.05416666666666667","0","0.05416666666666667","","0.011818181818181818","0","0.011818181818181818","","Requires a living lab researcher; minimal skill prerequisites included"
"Study skill","ballistics","Ballistics","2","3","false","0","0","0","6","0","0","0","9","10","0","1.5833333333333333","0","1.5833333333333333","","0.07916666666666666","0","0.07916666666666666","","0.017272727272727273","0","0.017272727272727273","","Requires a living lab researcher; minimal skill prerequisites included"
"Study skill","ballistics","Ballistics","3","3","true","0","0","0","9","0","0","0","18","10","0","2.3333333333333335","0","2.3333333333333335","","0.11666666666666667","0","0.11666666666666667","","0.025454545454545455","0","0.025454545454545455","","Requires a living lab researcher; minimal skill prerequisites included"
"Study skill","gunpowder","Gunpowder","1","3","false","0","0","0","2","0","0","0","2","3","0","0.4166666666666667","0","0.4166666666666667","","0.020833333333333332","0","0.020833333333333332","","0.004545454545454545","0","0.004545454545454545","","Requires a living lab researcher; minimal skill prerequisites included"
"Study skill","gunpowder","Gunpowder","2","3","false","0","0","0","4","0","0","0","6","3","0","0.75","0","0.75","","0.0375","0","0.0375","","0.008181818181818182","0","0.008181818181818182","","Requires a living lab researcher; minimal skill prerequisites included"
"Study skill","gunpowder","Gunpowder","3","3","true","0","0","0","6","0","0","0","12","3","0","1.25","0","1.25","","0.0625","0","0.0625","","0.013636363636363636","0","0.013636363636363636","","Requires a living lab researcher; minimal skill prerequisites included"
"Study skill","warBanner","War banner","1","3","false","0","0","0","5","0","0","0","5","13","0","1.5","0","1.5","","0.075","0","0.075","","0.016363636363636365","0","0.016363636363636365","","Requires a living lab researcher; minimal skill prerequisites included"
"Study skill","warBanner","War banner","2","3","false","0","0","0","10","0","0","0","15","13","0","2.3333333333333335","0","2.3333333333333335","","0.11666666666666667","0","0.11666666666666667","","0.025454545454545455","0","0.025454545454545455","","Requires a living lab researcher; minimal skill prerequisites included"
"Study skill","warBanner","War banner","3","3","true","0","0","0","15","0","0","0","30","13","0","3.5833333333333335","0","3.5833333333333335","","0.17916666666666667","0","0.17916666666666667","","0.03909090909090909","0","0.03909090909090909","","Requires a living lab researcher; minimal skill prerequisites included"
"Study skill","bannerCooldown","Rapid deployment","1","3","false","0","0","0","3","0","0","0","3","18","0","1.75","0","1.75","","0.0875","0","0.0875","","0.019090909090909092","0","0.019090909090909092","","Requires a living lab researcher; minimal skill prerequisites included"
"Study skill","bannerCooldown","Rapid deployment","2","3","false","0","0","0","6","0","0","0","9","18","0","2.25","0","2.25","","0.1125","0","0.1125","","0.024545454545454544","0","0.024545454545454544","","Requires a living lab researcher; minimal skill prerequisites included"
"Study skill","bannerCooldown","Rapid deployment","3","3","true","0","0","0","9","0","0","0","18","18","0","3","0","3","","0.15","0","0.15","","0.03272727272727273","0","0.03272727272727273","","Requires a living lab researcher; minimal skill prerequisites included"
"Study skill","bannerDefense","Sheltering standard","1","1","true","0","0","0","5","0","0","0","5","36","0","3.4166666666666665","0","3.4166666666666665","","0.17083333333333334","0","0.17083333333333334","","0.03727272727272727","0","0.03727272727272727","","Requires a living lab researcher; minimal skill prerequisites included"
"Study skill","bannerReach","Broad standard","1","1","true","0","0","0","5","0","0","0","5","41","0","3.8333333333333335","0","3.8333333333333335","","0.19166666666666668","0","0.19166666666666668","","0.04181818181818182","0","0.04181818181818182","","Requires a living lab researcher; minimal skill prerequisites included"
"Study skill","bannerDamage","Battle standard","1","1","true","0","0","0","8","0","0","0","8","46","0","4.5","0","4.5","","0.225","0","0.225","","0.04909090909090909","0","0.04909090909090909","","Requires a living lab researcher; minimal skill prerequisites included"
"Study skill","bannerMarch","Forced march","1","1","true","0","0","0","8","0","0","0","8","46","0","4.5","0","4.5","","0.225","0","0.225","","0.04909090909090909","0","0.04909090909090909","","Requires a living lab researcher; minimal skill prerequisites included"
"Study skill","bannerLife","Vital standard","1","1","true","0","0","0","8","0","0","0","8","46","0","4.5","0","4.5","","0.225","0","0.225","","0.04909090909090909","0","0.04909090909090909","","Requires a living lab researcher; minimal skill prerequisites included"
"Study skill","bannerRegen","Restoring standard","1","1","true","0","0","0","12","0","0","0","12","54","0","5.5","0","5.5","","0.275","0","0.275","","0.06","0","0.06","","Requires a living lab researcher; minimal skill prerequisites included"
"Study skill","masonry","Masonry","1","3","false","0","0","0","1","0","0","0","1","0","0","0.08333333333333333","0","0.08333333333333333","","0.004166666666666667","0","0.004166666666666667","","0.0009090909090909091","0","0.0009090909090909091","","Requires a living lab researcher; minimal skill prerequisites included"
"Study skill","masonry","Masonry","2","3","false","0","0","0","2","0","0","0","3","0","0","0.25","0","0.25","","0.0125","0","0.0125","","0.0027272727272727275","0","0.0027272727272727275","","Requires a living lab researcher; minimal skill prerequisites included"
"Study skill","masonry","Masonry","3","3","true","0","0","0","3","0","0","0","6","0","0","0.5","0","0.5","","0.025","0","0.025","","0.005454545454545455","0","0.005454545454545455","","Requires a living lab researcher; minimal skill prerequisites included"
"Study skill","bastions","Bastions","1","3","false","0","0","0","2","0","0","0","2","1","0","0.25","0","0.25","","0.0125","0","0.0125","","0.0027272727272727275","0","0.0027272727272727275","","Requires a living lab researcher; minimal skill prerequisites included"
"Study skill","bastions","Bastions","2","3","false","0","0","0","4","0","0","0","6","1","0","0.5833333333333334","0","0.5833333333333334","","0.029166666666666667","0","0.029166666666666667","","0.006363636363636364","0","0.006363636363636364","","Requires a living lab researcher; minimal skill prerequisites included"
"Study skill","bastions","Bastions","3","3","true","0","0","0","6","0","0","0","12","1","0","1.0833333333333333","0","1.0833333333333333","","0.05416666666666667","0","0.05416666666666667","","0.011818181818181818","0","0.011818181818181818","","Requires a living lab researcher; minimal skill prerequisites included"
"Study skill","outskirts","Outlying districts","1","1","true","0","0","0","8","0","0","0","8","1","0","0.75","0","0.75","","0.0375","0","0.0375","","0.008181818181818182","0","0.008181818181818182","","Requires a living lab researcher; minimal skill prerequisites included"
"Study skill","guilds","Builders' guilds","1","3","false","0","0","0","2","0","0","0","2","1","0","0.25","0","0.25","","0.0125","0","0.0125","","0.0027272727272727275","0","0.0027272727272727275","","Requires a living lab researcher; minimal skill prerequisites included"
"Study skill","guilds","Builders' guilds","2","3","false","0","0","0","4","0","0","0","6","1","0","0.5833333333333334","0","0.5833333333333334","","0.029166666666666667","0","0.029166666666666667","","0.006363636363636364","0","0.006363636363636364","","Requires a living lab researcher; minimal skill prerequisites included"
"Study skill","guilds","Builders' guilds","3","3","true","0","0","0","6","0","0","0","12","1","0","1.0833333333333333","0","1.0833333333333333","","0.05416666666666667","0","0.05416666666666667","","0.011818181818181818","0","0.011818181818181818","","Requires a living lab researcher; minimal skill prerequisites included"
"Study skill","scholars","Smiths' guild","1","3","false","0","0","0","2","0","0","0","2","0","0","0.16666666666666666","0","0.16666666666666666","","0.008333333333333333","0","0.008333333333333333","","0.0018181818181818182","0","0.0018181818181818182","","Requires a living lab researcher; minimal skill prerequisites included"
"Study skill","scholars","Smiths' guild","2","3","false","0","0","0","4","0","0","0","6","0","0","0.5","0","0.5","","0.025","0","0.025","","0.005454545454545455","0","0.005454545454545455","","Requires a living lab researcher; minimal skill prerequisites included"
"Study skill","scholars","Smiths' guild","3","3","true","0","0","0","6","0","0","0","12","0","0","1","0","1","","0.05","0","0.05","","0.01090909090909091","0","0.01090909090909091","","Requires a living lab researcher; minimal skill prerequisites included"
"Study skill","tactician","Master smith","1","1","true","0","0","0","6","0","0","0","6","2","0","0.6666666666666666","0","0.6666666666666666","","0.03333333333333333","0","0.03333333333333333","","0.007272727272727273","0","0.007272727272727273","","Requires a living lab researcher; minimal skill prerequisites included"
"Study skill","fireproofWood","Fireproof wood","1","10","false","0","0","0","5","0","0","0","5","0","0","0.4166666666666667","0","0.4166666666666667","","0.020833333333333332","0","0.020833333333333332","","0.004545454545454545","0","0.004545454545454545","","Requires a living lab researcher; minimal skill prerequisites included"
"Study skill","fireproofWood","Fireproof wood","2","10","false","0","0","0","10","0","0","0","15","0","0","1.25","0","1.25","","0.0625","0","0.0625","","0.013636363636363636","0","0.013636363636363636","","Requires a living lab researcher; minimal skill prerequisites included"
"Study skill","fireproofWood","Fireproof wood","3","10","false","0","0","0","15","0","0","0","30","0","0","2.5","0","2.5","","0.125","0","0.125","","0.02727272727272727","0","0.02727272727272727","","Requires a living lab researcher; minimal skill prerequisites included"
"Study skill","fireproofWood","Fireproof wood","4","10","false","0","0","0","20","0","0","0","50","0","0","4.166666666666667","0","4.166666666666667","","0.20833333333333334","0","0.20833333333333334","","0.045454545454545456","0","0.045454545454545456","","Requires a living lab researcher; minimal skill prerequisites included"
"Study skill","fireproofWood","Fireproof wood","5","10","false","0","0","0","25","0","0","0","75","0","0","6.25","0","6.25","","0.3125","0","0.3125","","0.06818181818181818","0","0.06818181818181818","","Requires a living lab researcher; minimal skill prerequisites included"
"Study skill","fireproofWood","Fireproof wood","6","10","false","0","0","0","30","0","0","0","105","0","0","8.75","0","8.75","","0.4375","0","0.4375","","0.09545454545454546","0","0.09545454545454546","","Requires a living lab researcher; minimal skill prerequisites included"
"Study skill","fireproofWood","Fireproof wood","7","10","false","0","0","0","35","0","0","0","140","0","0","11.666666666666666","0","11.666666666666666","","0.5833333333333334","0","0.5833333333333334","","0.12727272727272726","0","0.12727272727272726","","Requires a living lab researcher; minimal skill prerequisites included"
"Study skill","fireproofWood","Fireproof wood","8","10","false","0","0","0","40","0","0","0","180","0","0","15","0","15","","0.75","0","0.75","","0.16363636363636364","0","0.16363636363636364","","Requires a living lab researcher; minimal skill prerequisites included"
"Study skill","fireproofWood","Fireproof wood","9","10","false","0","0","0","45","0","0","0","225","0","0","18.75","0","18.75","","0.9375","0","0.9375","","0.20454545454545456","0","0.20454545454545456","","Requires a living lab researcher; minimal skill prerequisites included"
"Study skill","fireproofWood","Fireproof wood","10","10","true","0","0","0","50","0","0","0","275","0","0","22.916666666666668","0","22.916666666666668","","1.1458333333333333","0","1.1458333333333333","","0.25","0","0.25","","Requires a living lab researcher; minimal skill prerequisites included"
"Study skill","coffee","Coffee","1","12","false","0","0","0","2","0","0","0","2","0","0","0.16666666666666666","0","0.16666666666666666","","0.008333333333333333","0","0.008333333333333333","","0.0018181818181818182","0","0.0018181818181818182","","Requires a living lab researcher; minimal skill prerequisites included"
"Study skill","coffee","Coffee","2","12","false","0","0","0","4","0","0","0","6","0","0","0.5","0","0.5","","0.025","0","0.025","","0.005454545454545455","0","0.005454545454545455","","Requires a living lab researcher; minimal skill prerequisites included"
"Study skill","coffee","Coffee","3","12","false","0","0","0","6","0","0","0","12","0","0","1","0","1","","0.05","0","0.05","","0.01090909090909091","0","0.01090909090909091","","Requires a living lab researcher; minimal skill prerequisites included"
"Study skill","coffee","Coffee","4","12","false","0","0","0","8","0","0","0","20","0","0","1.6666666666666667","0","1.6666666666666667","","0.08333333333333333","0","0.08333333333333333","","0.01818181818181818","0","0.01818181818181818","","Requires a living lab researcher; minimal skill prerequisites included"
"Study skill","coffee","Coffee","5","12","false","0","0","0","10","0","0","0","30","0","0","2.5","0","2.5","","0.125","0","0.125","","0.02727272727272727","0","0.02727272727272727","","Requires a living lab researcher; minimal skill prerequisites included"
"Study skill","coffee","Coffee","6","12","false","0","0","0","12","0","0","0","42","0","0","3.5","0","3.5","","0.175","0","0.175","","0.038181818181818185","0","0.038181818181818185","","Requires a living lab researcher; minimal skill prerequisites included"
"Study skill","coffee","Coffee","7","12","false","0","0","0","14","0","0","0","56","0","0","4.666666666666667","0","4.666666666666667","","0.23333333333333334","0","0.23333333333333334","","0.05090909090909091","0","0.05090909090909091","","Requires a living lab researcher; minimal skill prerequisites included"
"Study skill","coffee","Coffee","8","12","false","0","0","0","16","0","0","0","72","0","0","6","0","6","","0.3","0","0.3","","0.06545454545454546","0","0.06545454545454546","","Requires a living lab researcher; minimal skill prerequisites included"
"Study skill","coffee","Coffee","9","12","false","0","0","0","18","0","0","0","90","0","0","7.5","0","7.5","","0.375","0","0.375","","0.08181818181818182","0","0.08181818181818182","","Requires a living lab researcher; minimal skill prerequisites included"
"Study skill","coffee","Coffee","10","12","false","0","0","0","20","0","0","0","110","0","0","9.166666666666666","0","9.166666666666666","","0.4583333333333333","0","0.4583333333333333","","0.1","0","0.1","","Requires a living lab researcher; minimal skill prerequisites included"
"Study skill","coffee","Coffee","11","12","false","0","0","0","22","0","0","0","132","0","0","11","0","11","","0.55","0","0.55","","0.12","0","0.12","","Requires a living lab researcher; minimal skill prerequisites included"
"Study skill","coffee","Coffee","12","12","true","0","0","0","24","0","0","0","156","0","0","13","0","13","","0.65","0","0.65","","0.14181818181818182","0","0.14181818181818182","","Requires a living lab researcher; minimal skill prerequisites included"
"Study skill","waterproofing","Waterproofing","1","4","false","0","0","0","4","0","0","0","4","0","0","0.3333333333333333","0","0.3333333333333333","","0.016666666666666666","0","0.016666666666666666","","0.0036363636363636364","0","0.0036363636363636364","","Requires a living lab researcher; minimal skill prerequisites included"
"Study skill","waterproofing","Waterproofing","2","4","false","0","0","0","8","0","0","0","12","0","0","1","0","1","","0.05","0","0.05","","0.01090909090909091","0","0.01090909090909091","","Requires a living lab researcher; minimal skill prerequisites included"
"Study skill","waterproofing","Waterproofing","3","4","false","0","0","0","12","0","0","0","24","0","0","2","0","2","","0.1","0","0.1","","0.02181818181818182","0","0.02181818181818182","","Requires a living lab researcher; minimal skill prerequisites included"
"Study skill","waterproofing","Waterproofing","4","4","true","0","0","0","16","0","0","0","40","0","0","3.3333333333333335","0","3.3333333333333335","","0.16666666666666666","0","0.16666666666666666","","0.03636363636363636","0","0.03636363636363636","","Requires a living lab researcher; minimal skill prerequisites included"
"Study skill","nightWatch","Night watch","1","9","false","0","0","0","4","0","0","0","4","0","0","0.3333333333333333","0","0.3333333333333333","","0.016666666666666666","0","0.016666666666666666","","0.0036363636363636364","0","0.0036363636363636364","","Requires a living lab researcher; minimal skill prerequisites included"
"Study skill","nightWatch","Night watch","2","9","false","0","0","0","8","0","0","0","12","0","0","1","0","1","","0.05","0","0.05","","0.01090909090909091","0","0.01090909090909091","","Requires a living lab researcher; minimal skill prerequisites included"
"Study skill","nightWatch","Night watch","3","9","false","0","0","0","12","0","0","0","24","0","0","2","0","2","","0.1","0","0.1","","0.02181818181818182","0","0.02181818181818182","","Requires a living lab researcher; minimal skill prerequisites included"
"Study skill","nightWatch","Night watch","4","9","false","0","0","0","16","0","0","0","40","0","0","3.3333333333333335","0","3.3333333333333335","","0.16666666666666666","0","0.16666666666666666","","0.03636363636363636","0","0.03636363636363636","","Requires a living lab researcher; minimal skill prerequisites included"
"Study skill","nightWatch","Night watch","5","9","false","0","0","0","20","0","0","0","60","0","0","5","0","5","","0.25","0","0.25","","0.05454545454545454","0","0.05454545454545454","","Requires a living lab researcher; minimal skill prerequisites included"
"Study skill","nightWatch","Night watch","6","9","false","0","0","0","24","0","0","0","84","0","0","7","0","7","","0.35","0","0.35","","0.07636363636363637","0","0.07636363636363637","","Requires a living lab researcher; minimal skill prerequisites included"
"Study skill","nightWatch","Night watch","7","9","false","0","0","0","28","0","0","0","112","0","0","9.333333333333334","0","9.333333333333334","","0.4666666666666667","0","0.4666666666666667","","0.10181818181818182","0","0.10181818181818182","","Requires a living lab researcher; minimal skill prerequisites included"
"Study skill","nightWatch","Night watch","8","9","false","0","0","0","32","0","0","0","144","0","0","12","0","12","","0.6","0","0.6","","0.13090909090909092","0","0.13090909090909092","","Requires a living lab researcher; minimal skill prerequisites included"
"Study skill","nightWatch","Night watch","9","9","true","0","0","0","36","0","0","0","180","0","0","15","0","15","","0.75","0","0.75","","0.16363636363636364","0","0.16363636363636364","","Requires a living lab researcher; minimal skill prerequisites included"
"Study skill","enchantedInk","Enchanted ink","1","10","false","0","0","0","10","0","0","0","10","0","0","0.8333333333333334","0","0.8333333333333334","","0.041666666666666664","0","0.041666666666666664","","0.00909090909090909","0","0.00909090909090909","","Requires a living lab researcher; minimal skill prerequisites included"
"Study skill","enchantedInk","Enchanted ink","2","10","false","0","0","0","20","0","0","0","30","0","0","2.5","0","2.5","","0.125","0","0.125","","0.02727272727272727","0","0.02727272727272727","","Requires a living lab researcher; minimal skill prerequisites included"
"Study skill","enchantedInk","Enchanted ink","3","10","false","0","0","0","30","0","0","0","60","0","0","5","0","5","","0.25","0","0.25","","0.05454545454545454","0","0.05454545454545454","","Requires a living lab researcher; minimal skill prerequisites included"
"Study skill","enchantedInk","Enchanted ink","4","10","false","0","0","0","40","0","0","0","100","0","0","8.333333333333334","0","8.333333333333334","","0.4166666666666667","0","0.4166666666666667","","0.09090909090909091","0","0.09090909090909091","","Requires a living lab researcher; minimal skill prerequisites included"
"Study skill","enchantedInk","Enchanted ink","5","10","false","0","0","0","50","0","0","0","150","0","0","12.5","0","12.5","","0.625","0","0.625","","0.13636363636363635","0","0.13636363636363635","","Requires a living lab researcher; minimal skill prerequisites included"
"Study skill","enchantedInk","Enchanted ink","6","10","false","0","0","0","60","0","0","0","210","0","0","17.5","0","17.5","","0.875","0","0.875","","0.19090909090909092","0","0.19090909090909092","","Requires a living lab researcher; minimal skill prerequisites included"
"Study skill","enchantedInk","Enchanted ink","7","10","false","0","0","0","70","0","0","0","280","0","0","23.333333333333332","0","23.333333333333332","","1.1666666666666667","0","1.1666666666666667","","0.2545454545454545","0","0.2545454545454545","","Requires a living lab researcher; minimal skill prerequisites included"
"Study skill","enchantedInk","Enchanted ink","8","10","false","0","0","0","80","0","0","0","360","0","0","30","0","30","","1.5","0","1.5","","0.32727272727272727","0","0.32727272727272727","","Requires a living lab researcher; minimal skill prerequisites included"
"Study skill","enchantedInk","Enchanted ink","9","10","false","0","0","0","90","0","0","0","450","0","0","37.5","0","37.5","","1.875","0","1.875","","0.4090909090909091","0","0.4090909090909091","","Requires a living lab researcher; minimal skill prerequisites included"
"Study skill","enchantedInk","Enchanted ink","10","10","true","0","0","0","100","0","0","0","550","0","0","45.833333333333336","0","45.833333333333336","","2.2916666666666665","0","2.2916666666666665","","0.5","0","0.5","","Requires a living lab researcher; minimal skill prerequisites included"
"Study skill","fireTraining","Fire training","1","5","false","0","0","0","8","0","0","0","8","0","0","0.6666666666666666","0","0.6666666666666666","","0.03333333333333333","0","0.03333333333333333","","0.007272727272727273","0","0.007272727272727273","","Requires a living lab researcher; minimal skill prerequisites included"
"Study skill","fireTraining","Fire training","2","5","false","0","0","0","16","0","0","0","24","0","0","2","0","2","","0.1","0","0.1","","0.02181818181818182","0","0.02181818181818182","","Requires a living lab researcher; minimal skill prerequisites included"
"Study skill","fireTraining","Fire training","3","5","false","0","0","0","24","0","0","0","48","0","0","4","0","4","","0.2","0","0.2","","0.04363636363636364","0","0.04363636363636364","","Requires a living lab researcher; minimal skill prerequisites included"
"Study skill","fireTraining","Fire training","4","5","false","0","0","0","32","0","0","0","80","0","0","6.666666666666667","0","6.666666666666667","","0.3333333333333333","0","0.3333333333333333","","0.07272727272727272","0","0.07272727272727272","","Requires a living lab researcher; minimal skill prerequisites included"
"Study skill","fireTraining","Fire training","5","5","true","0","0","0","40","0","0","0","120","0","0","10","0","10","","0.5","0","0.5","","0.10909090909090909","0","0.10909090909090909","","Requires a living lab researcher; minimal skill prerequisites included"
"Study path","pyromancy","Pyromancy","1","3","false","0","0","0","4","0","0","0","4","0","0","0.3333333333333333","0","0.3333333333333333","","0.016666666666666666","0","0.016666666666666666","","0.0036363636363636364","0","0.0036363636363636364","","Choose one path for wizardTower; alternatives are mutually exclusive"
"Study path","pyromancy","Pyromancy","2","3","false","0","0","0","8","0","0","0","12","0","0","1","0","1","","0.05","0","0.05","","0.01090909090909091","0","0.01090909090909091","","Choose one path for wizardTower; alternatives are mutually exclusive"
"Study path","pyromancy","Pyromancy","3","3","true","0","0","0","14","0","0","0","26","0","0","2.1666666666666665","0","2.1666666666666665","","0.10833333333333334","0","0.10833333333333334","","0.023636363636363636","0","0.023636363636363636","","Choose one path for wizardTower; alternatives are mutually exclusive"
"Study path","rime","Rime","1","3","false","0","0","0","4","0","0","0","4","0","0","0.3333333333333333","0","0.3333333333333333","","0.016666666666666666","0","0.016666666666666666","","0.0036363636363636364","0","0.0036363636363636364","","Choose one path for wizardTower; alternatives are mutually exclusive"
"Study path","rime","Rime","2","3","false","0","0","0","8","0","0","0","12","0","0","1","0","1","","0.05","0","0.05","","0.01090909090909091","0","0.01090909090909091","","Choose one path for wizardTower; alternatives are mutually exclusive"
"Study path","rime","Rime","3","3","true","0","0","0","14","0","0","0","26","0","0","2.1666666666666665","0","2.1666666666666665","","0.10833333333333334","0","0.10833333333333334","","0.023636363636363636","0","0.023636363636363636","","Choose one path for wizardTower; alternatives are mutually exclusive"
"Study path","storm","Stormcalling","1","3","false","0","0","0","5","0","0","0","5","0","0","0.4166666666666667","0","0.4166666666666667","","0.020833333333333332","0","0.020833333333333332","","0.004545454545454545","0","0.004545454545454545","","Choose one path for wizardTower; alternatives are mutually exclusive"
"Study path","storm","Stormcalling","2","3","false","0","0","0","9","0","0","0","14","0","0","1.1666666666666667","0","1.1666666666666667","","0.058333333333333334","0","0.058333333333333334","","0.012727272727272728","0","0.012727272727272728","","Choose one path for wizardTower; alternatives are mutually exclusive"
"Study path","storm","Stormcalling","3","3","true","0","0","0","15","0","0","0","29","0","0","2.4166666666666665","0","2.4166666666666665","","0.12083333333333333","0","0.12083333333333333","","0.026363636363636363","0","0.026363636363636363","","Choose one path for wizardTower; alternatives are mutually exclusive"
"Evolution","stormCrown","Dark wizard keep","1","1","true","0","0","0","30","0","0","0","30","29","0","4.916666666666667","0","4.916666666666667","","0.24583333333333332","0","0.24583333333333332","","0.053636363636363635","0","0.053636363636363635","","Requires Stormcalling; evolves every owned copy without separate metal payment"
"Study path","crusaders","Crusaders","1","3","false","0","0","0","4","0","0","0","4","0","0","0.3333333333333333","0","0.3333333333333333","","0.016666666666666666","0","0.016666666666666666","","0.0036363636363636364","0","0.0036363636363636364","","Choose one path for barracks; alternatives are mutually exclusive"
"Study path","crusaders","Crusaders","2","3","false","0","0","0","8","0","0","0","12","0","0","1","0","1","","0.05","0","0.05","","0.01090909090909091","0","0.01090909090909091","","Choose one path for barracks; alternatives are mutually exclusive"
"Study path","crusaders","Crusaders","3","3","true","0","0","0","14","0","0","0","26","0","0","2.1666666666666665","0","2.1666666666666665","","0.10833333333333334","0","0.10833333333333334","","0.023636363636363636","0","0.023636363636363636","","Choose one path for barracks; alternatives are mutually exclusive"
"Evolution","crusadersCrown","Valkyrie palace","1","1","true","0","0","0","25","0","0","0","25","26","0","4.25","0","4.25","","0.2125","0","0.2125","","0.046363636363636364","0","0.046363636363636364","","Requires Crusaders; evolves every owned copy without separate metal payment"
"Study path","assassins","Assassins","1","3","false","0","0","0","4","0","0","0","4","0","0","0.3333333333333333","0","0.3333333333333333","","0.016666666666666666","0","0.016666666666666666","","0.0036363636363636364","0","0.0036363636363636364","","Choose one path for barracks; alternatives are mutually exclusive"
"Study path","assassins","Assassins","2","3","false","0","0","0","8","0","0","0","12","0","0","1","0","1","","0.05","0","0.05","","0.01090909090909091","0","0.01090909090909091","","Choose one path for barracks; alternatives are mutually exclusive"
"Study path","assassins","Assassins","3","3","true","0","0","0","14","0","0","0","26","0","0","2.1666666666666665","0","2.1666666666666665","","0.10833333333333334","0","0.10833333333333334","","0.023636363636363636","0","0.023636363636363636","","Choose one path for barracks; alternatives are mutually exclusive"
"Study path","fireArrows","Fire arrows","1","3","false","0","0","0","4","0","0","0","4","0","0","0.3333333333333333","0","0.3333333333333333","","0.016666666666666666","0","0.016666666666666666","","0.0036363636363636364","0","0.0036363636363636364","","Choose one path for archerTower; alternatives are mutually exclusive"
"Study path","fireArrows","Fire arrows","2","3","false","0","0","0","8","0","0","0","12","0","0","1","0","1","","0.05","0","0.05","","0.01090909090909091","0","0.01090909090909091","","Choose one path for archerTower; alternatives are mutually exclusive"
"Study path","fireArrows","Fire arrows","3","3","true","0","0","0","14","0","0","0","26","0","0","2.1666666666666665","0","2.1666666666666665","","0.10833333333333334","0","0.10833333333333334","","0.023636363636363636","0","0.023636363636363636","","Choose one path for archerTower; alternatives are mutually exclusive"
"Study path","sharpshooters","Sharpshooters","1","3","false","0","0","0","4","0","0","0","4","0","0","0.3333333333333333","0","0.3333333333333333","","0.016666666666666666","0","0.016666666666666666","","0.0036363636363636364","0","0.0036363636363636364","","Choose one path for archerTower; alternatives are mutually exclusive"
"Study path","sharpshooters","Sharpshooters","2","3","false","0","0","0","8","0","0","0","12","0","0","1","0","1","","0.05","0","0.05","","0.01090909090909091","0","0.01090909090909091","","Choose one path for archerTower; alternatives are mutually exclusive"
"Study path","sharpshooters","Sharpshooters","3","3","true","0","0","0","14","0","0","0","26","0","0","2.1666666666666665","0","2.1666666666666665","","0.10833333333333334","0","0.10833333333333334","","0.023636363636363636","0","0.023636363636363636","","Choose one path for archerTower; alternatives are mutually exclusive"
"Study path","gunnery","Gun crews","1","3","false","0","0","0","4","0","0","0","4","0","0","0.3333333333333333","0","0.3333333333333333","","0.016666666666666666","0","0.016666666666666666","","0.0036363636363636364","0","0.0036363636363636364","","Choose one path for cannonTower; alternatives are mutually exclusive"
"Study path","gunnery","Gun crews","2","3","false","0","0","0","8","0","0","0","12","0","0","1","0","1","","0.05","0","0.05","","0.01090909090909091","0","0.01090909090909091","","Choose one path for cannonTower; alternatives are mutually exclusive"
"Study path","gunnery","Gun crews","3","3","true","0","0","0","14","0","0","0","26","0","0","2.1666666666666665","0","2.1666666666666665","","0.10833333333333334","0","0.10833333333333334","","0.023636363636363636","0","0.023636363636363636","","Choose one path for cannonTower; alternatives are mutually exclusive"
"Study path","siegeShot","Siege shot","1","3","false","0","0","0","4","0","0","0","4","0","0","0.3333333333333333","0","0.3333333333333333","","0.016666666666666666","0","0.016666666666666666","","0.0036363636363636364","0","0.0036363636363636364","","Choose one path for cannonTower; alternatives are mutually exclusive"
"Study path","siegeShot","Siege shot","2","3","false","0","0","0","8","0","0","0","12","0","0","1","0","1","","0.05","0","0.05","","0.01090909090909091","0","0.01090909090909091","","Choose one path for cannonTower; alternatives are mutually exclusive"
"Study path","siegeShot","Siege shot","3","3","true","0","0","0","14","0","0","0","26","0","0","2.1666666666666665","0","2.1666666666666665","","0.10833333333333334","0","0.10833333333333334","","0.023636363636363636","0","0.023636363636363636","","Choose one path for cannonTower; alternatives are mutually exclusive"
"Study path","rangers","Rangers","1","3","false","0","0","0","4","0","0","0","4","0","0","0.3333333333333333","0","0.3333333333333333","","0.016666666666666666","0","0.016666666666666666","","0.0036363636363636364","0","0.0036363636363636364","","Choose one path for archerBarracks; alternatives are mutually exclusive"
"Study path","rangers","Rangers","2","3","false","0","0","0","8","0","0","0","12","0","0","1","0","1","","0.05","0","0.05","","0.01090909090909091","0","0.01090909090909091","","Choose one path for archerBarracks; alternatives are mutually exclusive"
"Study path","rangers","Rangers","3","3","true","0","0","0","14","0","0","0","26","0","0","2.1666666666666665","0","2.1666666666666665","","0.10833333333333334","0","0.10833333333333334","","0.023636363636363636","0","0.023636363636363636","","Choose one path for archerBarracks; alternatives are mutually exclusive"
"Study path","skirmishers","Skirmishers","1","3","false","0","0","0","4","0","0","0","4","0","0","0.3333333333333333","0","0.3333333333333333","","0.016666666666666666","0","0.016666666666666666","","0.0036363636363636364","0","0.0036363636363636364","","Choose one path for archerBarracks; alternatives are mutually exclusive"
"Study path","skirmishers","Skirmishers","2","3","false","0","0","0","8","0","0","0","12","0","0","1","0","1","","0.05","0","0.05","","0.01090909090909091","0","0.01090909090909091","","Choose one path for archerBarracks; alternatives are mutually exclusive"
"Study path","skirmishers","Skirmishers","3","3","true","0","0","0","14","0","0","0","26","0","0","2.1666666666666665","0","2.1666666666666665","","0.10833333333333334","0","0.10833333333333334","","0.023636363636363636","0","0.023636363636363636","","Choose one path for archerBarracks; alternatives are mutually exclusive"
"Study path","spotters","Spotters","1","3","false","0","0","0","4","0","0","0","4","0","0","0.3333333333333333","0","0.3333333333333333","","0.016666666666666666","0","0.016666666666666666","","0.0036363636363636364","0","0.0036363636363636364","","Choose one path for watchTower; alternatives are mutually exclusive"
"Study path","spotters","Spotters","2","3","false","0","0","0","8","0","0","0","12","0","0","1","0","1","","0.05","0","0.05","","0.01090909090909091","0","0.01090909090909091","","Choose one path for watchTower; alternatives are mutually exclusive"
"Study path","spotters","Spotters","3","3","true","0","0","0","14","0","0","0","26","0","0","2.1666666666666665","0","2.1666666666666665","","0.10833333333333334","0","0.10833333333333334","","0.023636363636363636","0","0.023636363636363636","","Choose one path for watchTower; alternatives are mutually exclusive"
"Study path","signalFires","Signal fires","1","3","false","0","0","0","4","0","0","0","4","0","0","0.3333333333333333","0","0.3333333333333333","","0.016666666666666666","0","0.016666666666666666","","0.0036363636363636364","0","0.0036363636363636364","","Choose one path for watchTower; alternatives are mutually exclusive"
"Study path","signalFires","Signal fires","2","3","false","0","0","0","8","0","0","0","12","0","0","1","0","1","","0.05","0","0.05","","0.01090909090909091","0","0.01090909090909091","","Choose one path for watchTower; alternatives are mutually exclusive"
"Study path","signalFires","Signal fires","3","3","true","0","0","0","14","0","0","0","26","0","0","2.1666666666666665","0","2.1666666666666665","","0.10833333333333334","0","0.10833333333333334","","0.023636363636363636","0","0.023636363636363636","","Choose one path for watchTower; alternatives are mutually exclusive"
"Study path","pyroclasm","Pyroclasm","1","3","false","0","0","0","4","0","0","0","4","0","0","0.3333333333333333","0","0.3333333333333333","","0.016666666666666666","0","0.016666666666666666","","0.0036363636363636364","0","0.0036363636363636364","","Choose one path for mageGuild; alternatives are mutually exclusive"
"Study path","pyroclasm","Pyroclasm","2","3","false","0","0","0","8","0","0","0","12","0","0","1","0","1","","0.05","0","0.05","","0.01090909090909091","0","0.01090909090909091","","Choose one path for mageGuild; alternatives are mutually exclusive"
"Study path","pyroclasm","Pyroclasm","3","3","true","0","0","0","14","0","0","0","26","0","0","2.1666666666666665","0","2.1666666666666665","","0.10833333333333334","0","0.10833333333333334","","0.023636363636363636","0","0.023636363636363636","","Choose one path for mageGuild; alternatives are mutually exclusive"
"Study path","cinders","Cinders","1","3","false","0","0","0","4","0","0","0","4","0","0","0.3333333333333333","0","0.3333333333333333","","0.016666666666666666","0","0.016666666666666666","","0.0036363636363636364","0","0.0036363636363636364","","Choose one path for mageGuild; alternatives are mutually exclusive"
"Study path","cinders","Cinders","2","3","false","0","0","0","8","0","0","0","12","0","0","1","0","1","","0.05","0","0.05","","0.01090909090909091","0","0.01090909090909091","","Choose one path for mageGuild; alternatives are mutually exclusive"
"Study path","cinders","Cinders","3","3","true","0","0","0","14","0","0","0","26","0","0","2.1666666666666665","0","2.1666666666666665","","0.10833333333333334","0","0.10833333333333334","","0.023636363636363636","0","0.023636363636363636","","Choose one path for mageGuild; alternatives are mutually exclusive"
"Study path","oilSoaked","Oil-soaked","1","3","false","0","0","0","3","0","0","0","3","0","0","0.25","0","0.25","","0.0125","0","0.0125","","0.0027272727272727275","0","0.0027272727272727275","","Choose one path for bait; alternatives are mutually exclusive"
"Study path","oilSoaked","Oil-soaked","2","3","false","0","0","0","6","0","0","0","9","0","0","0.75","0","0.75","","0.0375","0","0.0375","","0.008181818181818182","0","0.008181818181818182","","Choose one path for bait; alternatives are mutually exclusive"
"Study path","oilSoaked","Oil-soaked","3","3","true","0","0","0","12","0","0","0","21","0","0","1.75","0","1.75","","0.0875","0","0.0875","","0.019090909090909092","0","0.019090909090909092","","Choose one path for bait; alternatives are mutually exclusive"
"Study path","fortified","Fortified crates","1","3","false","0","0","0","3","0","0","0","3","0","0","0.25","0","0.25","","0.0125","0","0.0125","","0.0027272727272727275","0","0.0027272727272727275","","Choose one path for bait; alternatives are mutually exclusive"
"Study path","fortified","Fortified crates","2","3","false","0","0","0","6","0","0","0","9","0","0","0.75","0","0.75","","0.0375","0","0.0375","","0.008181818181818182","0","0.008181818181818182","","Choose one path for bait; alternatives are mutually exclusive"
"Study path","fortified","Fortified crates","3","3","true","0","0","0","12","0","0","0","21","0","0","1.75","0","1.75","","0.0875","0","0.0875","","0.019090909090909092","0","0.019090909090909092","","Choose one path for bait; alternatives are mutually exclusive"
"Study path","blastStakes","Blasting stakes","1","3","false","0","0","0","4","0","0","0","4","0","0","0.3333333333333333","0","0.3333333333333333","","0.016666666666666666","0","0.016666666666666666","","0.0036363636363636364","0","0.0036363636363636364","","Choose one path for spikes; alternatives are mutually exclusive"
"Study path","blastStakes","Blasting stakes","2","3","false","0","0","0","8","0","0","0","12","0","0","1","0","1","","0.05","0","0.05","","0.01090909090909091","0","0.01090909090909091","","Choose one path for spikes; alternatives are mutually exclusive"
"Study path","blastStakes","Blasting stakes","3","3","true","0","0","0","14","0","0","0","26","0","0","2.1666666666666665","0","2.1666666666666665","","0.10833333333333334","0","0.10833333333333334","","0.023636363636363636","0","0.023636363636363636","","Choose one path for spikes; alternatives are mutually exclusive"
"Study path","springStakes","Spring stakes","1","3","false","0","0","0","4","0","0","0","4","0","0","0.3333333333333333","0","0.3333333333333333","","0.016666666666666666","0","0.016666666666666666","","0.0036363636363636364","0","0.0036363636363636364","","Choose one path for spikes; alternatives are mutually exclusive"
"Study path","springStakes","Spring stakes","2","3","false","0","0","0","8","0","0","0","12","0","0","1","0","1","","0.05","0","0.05","","0.01090909090909091","0","0.01090909090909091","","Choose one path for spikes; alternatives are mutually exclusive"
"Study path","springStakes","Spring stakes","3","3","true","0","0","0","14","0","0","0","26","0","0","2.1666666666666665","0","2.1666666666666665","","0.10833333333333334","0","0.10833333333333334","","0.023636363636363636","0","0.023636363636363636","","Choose one path for spikes; alternatives are mutually exclusive"
"Study path","rimeStakes","Rimed stakes","1","3","false","0","0","0","4","0","0","0","4","0","0","0.3333333333333333","0","0.3333333333333333","","0.016666666666666666","0","0.016666666666666666","","0.0036363636363636364","0","0.0036363636363636364","","Choose one path for spikes; alternatives are mutually exclusive"
"Study path","rimeStakes","Rimed stakes","2","3","false","0","0","0","8","0","0","0","12","0","0","1","0","1","","0.05","0","0.05","","0.01090909090909091","0","0.01090909090909091","","Choose one path for spikes; alternatives are mutually exclusive"
"Study path","rimeStakes","Rimed stakes","3","3","true","0","0","0","14","0","0","0","26","0","0","2.1666666666666665","0","2.1666666666666665","","0.10833333333333334","0","0.10833333333333334","","0.023636363636363636","0","0.023636363636363636","","Choose one path for spikes; alternatives are mutually exclusive"
"Mine building","shaft","shaft","2","5","false","4","0","0","0","4","0","0","0","0","0","2","0","2","","0.6075949367088608","0","0.6075949367088608","","0.41739130434782606","0","0.41739130434782606","","Existing level 1 is free; warehouse progression and rebuilding time excluded"
"Mine building","shaft","shaft","3","5","false","8","1","0","0","12","1","0","0","0","0","6","0","6","","1.8227848101265824","0","1.8227848101265824","","1.2521739130434781","0","1.2521739130434781","","Existing level 1 is free; warehouse progression and rebuilding time excluded"
"Mine building","shaft","shaft","4","5","false","12","2","1","0","24","3","1","0","0","0","12","0","12","","3.645569620253165","0","3.645569620253165","","2.5043478260869563","0","2.5043478260869563","","Existing level 1 is free; warehouse progression and rebuilding time excluded"
"Mine building","shaft","shaft","5","5","true","16","3","2","0","40","6","3","0","0","0","20","0","20","","6.075949367088608","0","6.075949367088608","","4.173913043478261","0","4.173913043478261","","Existing level 1 is free; warehouse progression and rebuilding time excluded"
"Mine building","barracks","barracks","2","5","false","5","0","0","0","5","0","0","0","0","0","2.5","0","2.5","","0.759493670886076","0","0.759493670886076","","0.5217391304347826","0","0.5217391304347826","","Existing level 1 is free; warehouse progression and rebuilding time excluded"
"Mine building","barracks","barracks","3","5","false","10","1","0","0","15","1","0","0","0","0","7.5","0","7.5","","2.278481012658228","0","2.278481012658228","","1.5652173913043477","0","1.5652173913043477","","Existing level 1 is free; warehouse progression and rebuilding time excluded"
"Mine building","barracks","barracks","4","5","false","15","2","1","0","30","3","1","0","0","0","15","0","15","","4.556962025316456","0","4.556962025316456","","3.1304347826086953","0","3.1304347826086953","","Existing level 1 is free; warehouse progression and rebuilding time excluded"
"Mine building","barracks","barracks","5","5","true","20","3","2","0","50","6","3","0","0","0","25","0","25","","7.59493670886076","0","7.59493670886076","","5.217391304347826","0","5.217391304347826","","Existing level 1 is free; warehouse progression and rebuilding time excluded"
"Mine building","warehouse","warehouse","2","5","false","6","0","0","0","6","0","0","0","0","0","3","0","3","","0.9113924050632912","0","0.9113924050632912","","0.6260869565217391","0","0.6260869565217391","","Existing level 1 is free; warehouse progression and rebuilding time excluded"
"Mine building","warehouse","warehouse","3","5","false","12","1","0","0","18","1","0","0","0","0","9","0","9","","2.7341772151898733","0","2.7341772151898733","","1.8782608695652172","0","1.8782608695652172","","Existing level 1 is free; warehouse progression and rebuilding time excluded"
"Mine building","warehouse","warehouse","4","5","false","18","2","1","0","36","3","1","0","0","0","18","0","18","","5.468354430379747","0","5.468354430379747","","3.7565217391304344","0","3.7565217391304344","","Existing level 1 is free; warehouse progression and rebuilding time excluded"
"Mine building","warehouse","warehouse","5","5","true","24","3","2","0","60","6","3","0","0","0","30","0","30","","9.113924050632912","0","9.113924050632912","","6.260869565217391","0","6.260869565217391","","Existing level 1 is free; warehouse progression and rebuilding time excluded"
"Mine building","forge","forge","2","5","false","5","0","0","0","5","0","0","0","0","0","2.5","0","2.5","","0.759493670886076","0","0.759493670886076","","0.5217391304347826","0","0.5217391304347826","","Existing level 1 is free; warehouse progression and rebuilding time excluded"
"Mine building","forge","forge","3","5","false","10","1","0","0","15","1","0","0","0","0","7.5","0","7.5","","2.278481012658228","0","2.278481012658228","","1.5652173913043477","0","1.5652173913043477","","Existing level 1 is free; warehouse progression and rebuilding time excluded"
"Mine building","forge","forge","4","5","false","15","2","1","0","30","3","1","0","0","0","15","0","15","","4.556962025316456","0","4.556962025316456","","3.1304347826086953","0","3.1304347826086953","","Existing level 1 is free; warehouse progression and rebuilding time excluded"
"Mine building","forge","forge","5","5","true","20","3","2","0","50","6","3","0","0","0","25","0","25","","7.59493670886076","0","7.59493670886076","","5.217391304347826","0","5.217391304347826","","Existing level 1 is free; warehouse progression and rebuilding time excluded"
"Mine building","smithy","smithy","2","5","false","5","0","0","0","5","0","0","0","0","0","2.5","0","2.5","","0.759493670886076","0","0.759493670886076","","0.5217391304347826","0","0.5217391304347826","","Existing level 1 is free; warehouse progression and rebuilding time excluded"
"Mine building","smithy","smithy","3","5","false","10","1","0","0","15","1","0","0","0","0","7.5","0","7.5","","2.278481012658228","0","2.278481012658228","","1.5652173913043477","0","1.5652173913043477","","Existing level 1 is free; warehouse progression and rebuilding time excluded"
"Mine building","smithy","smithy","4","5","false","15","2","1","0","30","3","1","0","0","0","15","0","15","","4.556962025316456","0","4.556962025316456","","3.1304347826086953","0","3.1304347826086953","","Existing level 1 is free; warehouse progression and rebuilding time excluded"
"Mine building","smithy","smithy","5","5","true","20","3","2","0","50","6","3","0","0","0","25","0","25","","7.59493670886076","0","7.59493670886076","","5.217391304347826","0","5.217391304347826","","Existing level 1 is free; warehouse progression and rebuilding time excluded"
"Mine staff","miners","Full mine crew","2","25","false","2","0","0","0","2","0","0","0","0","0","1","0","1","","0.3037974683544304","0","0.3037974683544304","","0.20869565217391303","0","0.20869565217391303","","First worker is free; barracks/warehouse setup excluded; no replacement costs"
"Mine staff","miners","Full mine crew","3","25","false","3","0","0","0","5","0","0","0","0","0","2.5","0","2.5","","0.759493670886076","0","0.759493670886076","","0.5217391304347826","0","0.5217391304347826","","First worker is free; barracks/warehouse setup excluded; no replacement costs"
"Mine staff","miners","Full mine crew","4","25","false","4","0","0","0","9","0","0","0","0","0","4.5","0","4.5","","1.3670886075949367","0","1.3670886075949367","","0.9391304347826086","0","0.9391304347826086","","First worker is free; barracks/warehouse setup excluded; no replacement costs"
"Mine staff","miners","Full mine crew","5","25","false","5","0","0","0","14","0","0","0","0","0","7","0","7","","2.126582278481013","0","2.126582278481013","","1.4608695652173913","0","1.4608695652173913","","First worker is free; barracks/warehouse setup excluded; no replacement costs"
"Mine staff","miners","Full mine crew","6","25","false","6","1","0","0","20","1","0","0","0","0","10","0","10","","3.037974683544304","0","3.037974683544304","","2.0869565217391304","0","2.0869565217391304","","First worker is free; barracks/warehouse setup excluded; no replacement costs"
"Mine staff","miners","Full mine crew","7","25","false","7","1","0","0","27","2","0","0","0","0","13.5","0","13.5","","4.101265822784811","0","4.101265822784811","","2.817391304347826","0","2.817391304347826","","First worker is free; barracks/warehouse setup excluded; no replacement costs"
"Mine staff","miners","Full mine crew","8","25","false","8","1","0","0","35","3","0","0","0","0","17.5","0","17.5","","5.3164556962025316","0","5.3164556962025316","","3.652173913043478","0","3.652173913043478","","First worker is free; barracks/warehouse setup excluded; no replacement costs"
"Mine staff","miners","Full mine crew","9","25","false","9","1","0","0","44","4","0","0","0","0","22","0","22","","6.6835443037974684","0","6.6835443037974684","","4.591304347826087","0","4.591304347826087","","First worker is free; barracks/warehouse setup excluded; no replacement costs"
"Mine staff","miners","Full mine crew","10","25","false","10","1","0","0","54","5","0","0","0","0","27","0","27","","8.202531645569621","0","8.202531645569621","","5.634782608695652","0","5.634782608695652","","First worker is free; barracks/warehouse setup excluded; no replacement costs"
"Mine staff","miners","Full mine crew","11","25","false","11","2","0","0","65","7","0","0","0","0","32.5","0","32.5","","9.873417721518988","0","9.873417721518988","","6.782608695652174","0","6.782608695652174","","First worker is free; barracks/warehouse setup excluded; no replacement costs"
"Mine staff","miners","Full mine crew","12","25","false","12","2","0","0","77","9","0","0","0","0","38.5","0","38.5","","11.69620253164557","0","11.69620253164557","","8.034782608695652","0","8.034782608695652","","First worker is free; barracks/warehouse setup excluded; no replacement costs"
"Mine staff","miners","Full mine crew","13","25","false","13","2","0","0","90","11","0","0","0","0","45","0","45","","13.670886075949367","0","13.670886075949367","","9.391304347826086","0","9.391304347826086","","First worker is free; barracks/warehouse setup excluded; no replacement costs"
"Mine staff","miners","Full mine crew","14","25","false","14","2","0","0","104","13","0","0","0","0","52","0","52","","15.79746835443038","0","15.79746835443038","","10.852173913043478","0","10.852173913043478","","First worker is free; barracks/warehouse setup excluded; no replacement costs"
"Mine staff","miners","Full mine crew","15","25","false","15","2","0","0","119","15","0","0","0","0","59.5","0","59.5","","18.075949367088608","0","18.075949367088608","","12.417391304347825","0","12.417391304347825","","First worker is free; barracks/warehouse setup excluded; no replacement costs"
"Mine staff","miners","Full mine crew","16","25","false","16","3","1","0","135","18","1","0","0","0","67.5","0","67.5","","20.506329113924053","0","20.506329113924053","","14.086956521739129","0","14.086956521739129","","First worker is free; barracks/warehouse setup excluded; no replacement costs"
"Mine staff","miners","Full mine crew","17","25","false","17","3","1","0","152","21","2","0","0","0","76","0","76","","23.08860759493671","0","23.08860759493671","","15.86086956521739","0","15.86086956521739","","First worker is free; barracks/warehouse setup excluded; no replacement costs"
"Mine staff","miners","Full mine crew","18","25","false","18","3","1","0","170","24","3","0","0","0","85","0","85","","25.822784810126585","0","25.822784810126585","","17.73913043478261","0","17.73913043478261","","First worker is free; barracks/warehouse setup excluded; no replacement costs"
"Mine staff","miners","Full mine crew","19","25","false","19","3","1","0","189","27","4","0","0","0","94.5","0","94.5","","28.70886075949367","0","28.70886075949367","","19.72173913043478","0","19.72173913043478","","First worker is free; barracks/warehouse setup excluded; no replacement costs"
"Mine staff","miners","Full mine crew","20","25","false","20","3","1","0","209","30","5","0","0","0","104.5","0","104.5","","31.746835443037977","0","31.746835443037977","","21.808695652173913","0","21.808695652173913","","First worker is free; barracks/warehouse setup excluded; no replacement costs"
"Mine staff","miners","Full mine crew","21","25","false","21","4","1","0","230","34","6","0","0","0","115","0","115","","34.936708860759495","0","34.936708860759495","","24","0","24","","First worker is free; barracks/warehouse setup excluded; no replacement costs"
"Mine staff","miners","Full mine crew","22","25","false","22","4","1","0","252","38","7","0","0","0","126","0","126","","38.27848101265823","0","38.27848101265823","","26.29565217391304","0","26.29565217391304","","First worker is free; barracks/warehouse setup excluded; no replacement costs"
"Mine staff","miners","Full mine crew","23","25","false","23","4","1","0","275","42","8","0","0","0","137.5","0","137.5","","41.77215189873418","0","41.77215189873418","","28.695652173913043","0","28.695652173913043","","First worker is free; barracks/warehouse setup excluded; no replacement costs"
"Mine staff","miners","Full mine crew","24","25","false","24","4","1","0","299","46","9","0","0","0","149.5","0","149.5","","45.41772151898734","0","45.41772151898734","","31.2","0","31.2","","First worker is free; barracks/warehouse setup excluded; no replacement costs"
"Mine staff","miners","Full mine crew","25","25","true","25","4","1","0","324","50","10","0","0","0","162","0","162","","49.21518987341772","0","49.21518987341772","","33.80869565217391","0","33.80869565217391","","First worker is free; barracks/warehouse setup excluded; no replacement costs"
"Library","shelves","Full bookshelf collection","1","110","false","1","0","0","0","1","0","0","0","0","0","0.5","0","0.5","","0.1518987341772152","0","0.1518987341772152","","0.10434782608695652","0","0.10434782608695652","","Purchased shelves still need construction; price wait excludes building/repair time"
"Library","shelves","Full bookshelf collection","2","110","false","2","0","0","0","3","0","0","0","0","0","1.5","0","1.5","","0.4556962025316456","0","0.4556962025316456","","0.31304347826086953","0","0.31304347826086953","","Purchased shelves still need construction; price wait excludes building/repair time"
"Library","shelves","Full bookshelf collection","3","110","false","3","0","0","0","6","0","0","0","0","0","3","0","3","","0.9113924050632912","0","0.9113924050632912","","0.6260869565217391","0","0.6260869565217391","","Purchased shelves still need construction; price wait excludes building/repair time"
"Library","shelves","Full bookshelf collection","4","110","false","4","0","0","0","10","0","0","0","0","0","5","0","5","","1.518987341772152","0","1.518987341772152","","1.0434782608695652","0","1.0434782608695652","","Purchased shelves still need construction; price wait excludes building/repair time"
"Library","shelves","Full bookshelf collection","5","110","false","5","0","0","0","15","0","0","0","0","0","7.5","0","7.5","","2.278481012658228","0","2.278481012658228","","1.5652173913043477","0","1.5652173913043477","","Purchased shelves still need construction; price wait excludes building/repair time"
"Library","shelves","Full bookshelf collection","6","110","false","6","0","0","0","21","0","0","0","0","0","10.5","0","10.5","","3.189873417721519","0","3.189873417721519","","2.1913043478260867","0","2.1913043478260867","","Purchased shelves still need construction; price wait excludes building/repair time"
"Library","shelves","Full bookshelf collection","7","110","false","7","0","0","0","28","0","0","0","0","0","14","0","14","","4.253164556962026","0","4.253164556962026","","2.9217391304347826","0","2.9217391304347826","","Purchased shelves still need construction; price wait excludes building/repair time"
"Library","shelves","Full bookshelf collection","8","110","false","8","0","0","0","36","0","0","0","0","0","18","0","18","","5.468354430379747","0","5.468354430379747","","3.7565217391304344","0","3.7565217391304344","","Purchased shelves still need construction; price wait excludes building/repair time"
"Library","shelves","Full bookshelf collection","9","110","false","9","0","0","0","45","0","0","0","0","0","22.5","0","22.5","","6.8354430379746836","0","6.8354430379746836","","4.695652173913043","0","4.695652173913043","","Purchased shelves still need construction; price wait excludes building/repair time"
"Library","shelves","Full bookshelf collection","10","110","false","10","0","0","0","55","0","0","0","0","0","27.5","0","27.5","","8.354430379746836","0","8.354430379746836","","5.739130434782608","0","5.739130434782608","","Purchased shelves still need construction; price wait excludes building/repair time"
"Library","shelves","Full bookshelf collection","11","110","false","11","0","0","0","66","0","0","0","0","0","33","0","33","","10.025316455696203","0","10.025316455696203","","6.88695652173913","0","6.88695652173913","","Purchased shelves still need construction; price wait excludes building/repair time"
"Library","shelves","Full bookshelf collection","12","110","false","12","0","0","0","78","0","0","0","0","0","39","0","39","","11.848101265822786","0","11.848101265822786","","8.139130434782608","0","8.139130434782608","","Purchased shelves still need construction; price wait excludes building/repair time"
"Library","shelves","Full bookshelf collection","13","110","false","13","0","0","0","91","0","0","0","0","0","45.5","0","45.5","","13.822784810126583","0","13.822784810126583","","9.495652173913044","0","9.495652173913044","","Purchased shelves still need construction; price wait excludes building/repair time"
"Library","shelves","Full bookshelf collection","14","110","false","14","0","0","0","105","0","0","0","0","0","52.5","0","52.5","","15.949367088607596","0","15.949367088607596","","10.956521739130434","0","10.956521739130434","","Purchased shelves still need construction; price wait excludes building/repair time"
"Library","shelves","Full bookshelf collection","15","110","false","15","0","0","0","120","0","0","0","0","0","60","0","60","","18.227848101265824","0","18.227848101265824","","12.521739130434781","0","12.521739130434781","","Purchased shelves still need construction; price wait excludes building/repair time"
"Library","shelves","Full bookshelf collection","16","110","false","16","0","0","0","136","0","0","0","0","0","68","0","68","","20.658227848101266","0","20.658227848101266","","14.191304347826087","0","14.191304347826087","","Purchased shelves still need construction; price wait excludes building/repair time"
"Library","shelves","Full bookshelf collection","17","110","false","17","0","0","0","153","0","0","0","0","0","76.5","0","76.5","","23.240506329113924","0","23.240506329113924","","15.965217391304346","0","15.965217391304346","","Purchased shelves still need construction; price wait excludes building/repair time"
"Library","shelves","Full bookshelf collection","18","110","false","18","0","0","0","171","0","0","0","0","0","85.5","0","85.5","","25.974683544303797","0","25.974683544303797","","17.843478260869563","0","17.843478260869563","","Purchased shelves still need construction; price wait excludes building/repair time"
"Library","shelves","Full bookshelf collection","19","110","false","19","0","0","0","190","0","0","0","0","0","95","0","95","","28.860759493670887","0","28.860759493670887","","19.82608695652174","0","19.82608695652174","","Purchased shelves still need construction; price wait excludes building/repair time"
"Library","shelves","Full bookshelf collection","20","110","false","20","0","0","0","210","0","0","0","0","0","105","0","105","","31.898734177215193","0","31.898734177215193","","21.913043478260867","0","21.913043478260867","","Purchased shelves still need construction; price wait excludes building/repair time"
"Library","shelves","Full bookshelf collection","21","110","false","21","1","0","0","231","1","0","0","0","0","115.5","0","115.5","","35.08860759493671","0","35.08860759493671","","24.104347826086954","0","24.104347826086954","","Purchased shelves still need construction; price wait excludes building/repair time"
"Library","shelves","Full bookshelf collection","22","110","false","22","1","0","0","253","2","0","0","0","0","126.5","0","126.5","","38.43037974683544","0","38.43037974683544","","26.4","0","26.4","","Purchased shelves still need construction; price wait excludes building/repair time"
"Library","shelves","Full bookshelf collection","23","110","false","23","1","0","0","276","3","0","0","0","0","138","0","138","","41.924050632911396","0","41.924050632911396","","28.799999999999997","0","28.799999999999997","","Purchased shelves still need construction; price wait excludes building/repair time"
"Library","shelves","Full bookshelf collection","24","110","false","24","1","0","0","300","4","0","0","0","0","150","0","150","","45.56962025316456","0","45.56962025316456","","31.304347826086953","0","31.304347826086953","","Purchased shelves still need construction; price wait excludes building/repair time"
"Library","shelves","Full bookshelf collection","25","110","false","25","1","0","0","325","5","0","0","0","0","162.5","0","162.5","","49.36708860759494","0","49.36708860759494","","33.91304347826087","0","33.91304347826087","","Purchased shelves still need construction; price wait excludes building/repair time"
"Library","shelves","Full bookshelf collection","26","110","false","26","1","0","0","351","6","0","0","0","0","175.5","0","175.5","","53.31645569620253","0","53.31645569620253","","36.62608695652174","0","36.62608695652174","","Purchased shelves still need construction; price wait excludes building/repair time"
"Library","shelves","Full bookshelf collection","27","110","false","27","1","0","0","378","7","0","0","0","0","189","0","189","","57.41772151898734","0","57.41772151898734","","39.44347826086956","0","39.44347826086956","","Purchased shelves still need construction; price wait excludes building/repair time"
"Library","shelves","Full bookshelf collection","28","110","false","28","1","0","0","406","8","0","0","0","0","203","0","203","","61.67088607594937","0","61.67088607594937","","42.36521739130435","0","42.36521739130435","","Purchased shelves still need construction; price wait excludes building/repair time"
"Library","shelves","Full bookshelf collection","29","110","false","29","1","0","0","435","9","0","0","0","0","217.5","0","217.5","","66.07594936708861","0","66.07594936708861","","45.391304347826086","0","45.391304347826086","","Purchased shelves still need construction; price wait excludes building/repair time"
"Library","shelves","Full bookshelf collection","30","110","false","30","1","0","0","465","10","0","0","0","0","232.5","0","232.5","","70.63291139240506","0","70.63291139240506","","48.52173913043478","0","48.52173913043478","","Purchased shelves still need construction; price wait excludes building/repair time"
"Library","shelves","Full bookshelf collection","31","110","false","31","1","0","0","496","11","0","0","0","0","248","0","248","","75.34177215189874","0","75.34177215189874","","51.756521739130434","0","51.756521739130434","","Purchased shelves still need construction; price wait excludes building/repair time"
"Library","shelves","Full bookshelf collection","32","110","false","32","1","0","0","528","12","0","0","0","0","264","0","264","","80.20253164556962","0","80.20253164556962","","55.09565217391304","0","55.09565217391304","","Purchased shelves still need construction; price wait excludes building/repair time"
"Library","shelves","Full bookshelf collection","33","110","false","33","1","0","0","561","13","0","0","0","0","280.5","0","280.5","","85.21518987341773","0","85.21518987341773","","58.53913043478261","0","58.53913043478261","","Purchased shelves still need construction; price wait excludes building/repair time"
"Library","shelves","Full bookshelf collection","34","110","false","34","1","0","0","595","14","0","0","0","0","297.5","0","297.5","","90.37974683544304","0","90.37974683544304","","62.086956521739125","0","62.086956521739125","","Purchased shelves still need construction; price wait excludes building/repair time"
"Library","shelves","Full bookshelf collection","35","110","false","35","1","0","0","630","15","0","0","0","0","315","0","315","","95.69620253164557","0","95.69620253164557","","65.73913043478261","0","65.73913043478261","","Purchased shelves still need construction; price wait excludes building/repair time"
"Library","shelves","Full bookshelf collection","36","110","false","36","1","0","0","666","16","0","0","0","0","333","0","333","","101.16455696202532","0","101.16455696202532","","69.49565217391304","0","69.49565217391304","","Purchased shelves still need construction; price wait excludes building/repair time"
"Library","shelves","Full bookshelf collection","37","110","false","37","1","0","0","703","17","0","0","0","0","351.5","0","351.5","","106.78481012658229","0","106.78481012658229","","73.35652173913043","0","73.35652173913043","","Purchased shelves still need construction; price wait excludes building/repair time"
"Library","shelves","Full bookshelf collection","38","110","false","38","1","0","0","741","18","0","0","0","0","370.5","0","370.5","","112.55696202531647","0","112.55696202531647","","77.32173913043478","0","77.32173913043478","","Purchased shelves still need construction; price wait excludes building/repair time"
"Library","shelves","Full bookshelf collection","39","110","false","39","1","0","0","780","19","0","0","0","0","390","0","390","","118.48101265822785","0","118.48101265822785","","81.39130434782608","0","81.39130434782608","","Purchased shelves still need construction; price wait excludes building/repair time"
"Library","shelves","Full bookshelf collection","40","110","false","40","1","0","0","820","20","0","0","0","0","410","0","410","","124.55696202531647","0","124.55696202531647","","85.56521739130434","0","85.56521739130434","","Purchased shelves still need construction; price wait excludes building/repair time"
"Library","shelves","Full bookshelf collection","41","110","false","41","2","0","0","861","22","0","0","0","0","430.5","0","430.5","","130.78481012658227","0","130.78481012658227","","89.84347826086956","0","89.84347826086956","","Purchased shelves still need construction; price wait excludes building/repair time"
"Library","shelves","Full bookshelf collection","42","110","false","42","2","0","0","903","24","0","0","0","0","451.5","0","451.5","","137.16455696202533","0","137.16455696202533","","94.22608695652173","0","94.22608695652173","","Purchased shelves still need construction; price wait excludes building/repair time"
"Library","shelves","Full bookshelf collection","43","110","false","43","2","0","0","946","26","0","0","0","0","473","0","473","","143.69620253164558","0","143.69620253164558","","98.71304347826086","0","98.71304347826086","","Purchased shelves still need construction; price wait excludes building/repair time"
"Library","shelves","Full bookshelf collection","44","110","false","44","2","0","0","990","28","0","0","0","0","495","0","495","","150.37974683544306","0","150.37974683544306","","103.30434782608695","0","103.30434782608695","","Purchased shelves still need construction; price wait excludes building/repair time"
"Library","shelves","Full bookshelf collection","45","110","false","45","2","0","0","1035","30","0","0","0","0","517.5","0","517.5","","157.21518987341773","0","157.21518987341773","","108","0","108","","Purchased shelves still need construction; price wait excludes building/repair time"
"Library","shelves","Full bookshelf collection","46","110","false","46","2","0","0","1081","32","0","0","0","0","540.5","0","540.5","","164.20253164556962","0","164.20253164556962","","112.8","0","112.8","","Purchased shelves still need construction; price wait excludes building/repair time"
"Library","shelves","Full bookshelf collection","47","110","false","47","2","0","0","1128","34","0","0","0","0","564","0","564","","171.34177215189874","0","171.34177215189874","","117.70434782608694","0","117.70434782608694","","Purchased shelves still need construction; price wait excludes building/repair time"
"Library","shelves","Full bookshelf collection","48","110","false","48","2","0","0","1176","36","0","0","0","0","588","0","588","","178.63291139240508","0","178.63291139240508","","122.71304347826086","0","122.71304347826086","","Purchased shelves still need construction; price wait excludes building/repair time"
"Library","shelves","Full bookshelf collection","49","110","false","49","2","0","0","1225","38","0","0","0","0","612.5","0","612.5","","186.0759493670886","0","186.0759493670886","","127.82608695652173","0","127.82608695652173","","Purchased shelves still need construction; price wait excludes building/repair time"
"Library","shelves","Full bookshelf collection","50","110","false","50","2","0","0","1275","40","0","0","0","0","637.5","0","637.5","","193.67088607594937","0","193.67088607594937","","133.04347826086956","0","133.04347826086956","","Purchased shelves still need construction; price wait excludes building/repair time"
"Library","shelves","Full bookshelf collection","51","110","false","51","2","0","0","1326","42","0","0","0","0","663","0","663","","201.41772151898735","0","201.41772151898735","","138.36521739130433","0","138.36521739130433","","Purchased shelves still need construction; price wait excludes building/repair time"
"Library","shelves","Full bookshelf collection","52","110","false","52","2","0","0","1378","44","0","0","0","0","689","0","689","","209.31645569620255","0","209.31645569620255","","143.79130434782607","0","143.79130434782607","","Purchased shelves still need construction; price wait excludes building/repair time"
"Library","shelves","Full bookshelf collection","53","110","false","53","2","0","0","1431","46","0","0","0","0","715.5","0","715.5","","217.36708860759495","0","217.36708860759495","","149.32173913043476","0","149.32173913043476","","Purchased shelves still need construction; price wait excludes building/repair time"
"Library","shelves","Full bookshelf collection","54","110","false","54","2","0","0","1485","48","0","0","0","0","742.5","0","742.5","","225.56962025316457","0","225.56962025316457","","154.95652173913044","0","154.95652173913044","","Purchased shelves still need construction; price wait excludes building/repair time"
"Library","shelves","Full bookshelf collection","55","110","false","55","2","0","0","1540","50","0","0","0","0","770","0","770","","233.92405063291142","0","233.92405063291142","","160.69565217391303","0","160.69565217391303","","Purchased shelves still need construction; price wait excludes building/repair time"
"Library","shelves","Full bookshelf collection","56","110","false","56","2","0","0","1596","52","0","0","0","0","798","0","798","","242.43037974683546","0","242.43037974683546","","166.5391304347826","0","166.5391304347826","","Purchased shelves still need construction; price wait excludes building/repair time"
"Library","shelves","Full bookshelf collection","57","110","false","57","2","0","0","1653","54","0","0","0","0","826.5","0","826.5","","251.08860759493672","0","251.08860759493672","","172.48695652173913","0","172.48695652173913","","Purchased shelves still need construction; price wait excludes building/repair time"
"Library","shelves","Full bookshelf collection","58","110","false","58","2","0","0","1711","56","0","0","0","0","855.5","0","855.5","","259.8987341772152","0","259.8987341772152","","178.5391304347826","0","178.5391304347826","","Purchased shelves still need construction; price wait excludes building/repair time"
"Library","shelves","Full bookshelf collection","59","110","false","59","2","0","0","1770","58","0","0","0","0","885","0","885","","268.8607594936709","0","268.8607594936709","","184.69565217391303","0","184.69565217391303","","Purchased shelves still need construction; price wait excludes building/repair time"
"Library","shelves","Full bookshelf collection","60","110","false","60","2","0","0","1830","60","0","0","0","0","915","0","915","","277.9746835443038","0","277.9746835443038","","190.9565217391304","0","190.9565217391304","","Purchased shelves still need construction; price wait excludes building/repair time"
"Library","shelves","Full bookshelf collection","61","110","false","61","3","1","0","1891","63","1","0","0","0","945.5","0","945.5","","287.24050632911394","0","287.24050632911394","","197.32173913043476","0","197.32173913043476","","Purchased shelves still need construction; price wait excludes building/repair time"
"Library","shelves","Full bookshelf collection","62","110","false","62","3","1","0","1953","66","2","0","0","0","976.5","0","976.5","","296.65822784810126","0","296.65822784810126","","203.79130434782607","0","203.79130434782607","","Purchased shelves still need construction; price wait excludes building/repair time"
"Library","shelves","Full bookshelf collection","63","110","false","63","3","1","0","2016","69","3","0","0","0","1008","0","1008","","306.22784810126586","0","306.22784810126586","","210.36521739130433","0","210.36521739130433","","Purchased shelves still need construction; price wait excludes building/repair time"
"Library","shelves","Full bookshelf collection","64","110","false","64","3","1","0","2080","72","4","0","0","0","1040","0","1040","","315.94936708860763","0","315.94936708860763","","217.04347826086956","0","217.04347826086956","","Purchased shelves still need construction; price wait excludes building/repair time"
"Library","shelves","Full bookshelf collection","65","110","false","65","3","1","0","2145","75","5","0","0","0","1072.5","0","1072.5","","325.8227848101266","0","325.8227848101266","","223.82608695652172","0","223.82608695652172","","Purchased shelves still need construction; price wait excludes building/repair time"
"Library","shelves","Full bookshelf collection","66","110","false","66","3","1","0","2211","78","6","0","0","0","1105.5","0","1105.5","","335.8481012658228","0","335.8481012658228","","230.71304347826086","0","230.71304347826086","","Purchased shelves still need construction; price wait excludes building/repair time"
"Library","shelves","Full bookshelf collection","67","110","false","67","3","1","0","2278","81","7","0","0","0","1139","0","1139","","346.0253164556962","0","346.0253164556962","","237.70434782608694","0","237.70434782608694","","Purchased shelves still need construction; price wait excludes building/repair time"
"Library","shelves","Full bookshelf collection","68","110","false","68","3","1","0","2346","84","8","0","0","0","1173","0","1173","","356.3544303797469","0","356.3544303797469","","244.79999999999998","0","244.79999999999998","","Purchased shelves still need construction; price wait excludes building/repair time"
"Library","shelves","Full bookshelf collection","69","110","false","69","3","1","0","2415","87","9","0","0","0","1207.5","0","1207.5","","366.8354430379747","0","366.8354430379747","","251.99999999999997","0","251.99999999999997","","Purchased shelves still need construction; price wait excludes building/repair time"
"Library","shelves","Full bookshelf collection","70","110","false","70","3","1","0","2485","90","10","0","0","0","1242.5","0","1242.5","","377.46835443037975","0","377.46835443037975","","259.30434782608694","0","259.30434782608694","","Purchased shelves still need construction; price wait excludes building/repair time"
"Library","shelves","Full bookshelf collection","71","110","false","71","3","1","0","2556","93","11","0","0","0","1278","0","1278","","388.253164556962","0","388.253164556962","","266.71304347826083","0","266.71304347826083","","Purchased shelves still need construction; price wait excludes building/repair time"
"Library","shelves","Full bookshelf collection","72","110","false","72","3","1","0","2628","96","12","0","0","0","1314","0","1314","","399.1898734177215","0","399.1898734177215","","274.2260869565217","0","274.2260869565217","","Purchased shelves still need construction; price wait excludes building/repair time"
"Library","shelves","Full bookshelf collection","73","110","false","73","3","1","0","2701","99","13","0","0","0","1350.5","0","1350.5","","410.27848101265823","0","410.27848101265823","","281.8434782608696","0","281.8434782608696","","Purchased shelves still need construction; price wait excludes building/repair time"
"Library","shelves","Full bookshelf collection","74","110","false","74","3","1","0","2775","102","14","0","0","0","1387.5","0","1387.5","","421.5189873417722","0","421.5189873417722","","289.5652173913043","0","289.5652173913043","","Purchased shelves still need construction; price wait excludes building/repair time"
"Library","shelves","Full bookshelf collection","75","110","false","75","3","1","0","2850","105","15","0","0","0","1425","0","1425","","432.91139240506334","0","432.91139240506334","","297.39130434782606","0","297.39130434782606","","Purchased shelves still need construction; price wait excludes building/repair time"
"Library","shelves","Full bookshelf collection","76","110","false","76","3","1","0","2926","108","16","0","0","0","1463","0","1463","","444.45569620253167","0","444.45569620253167","","305.32173913043476","0","305.32173913043476","","Purchased shelves still need construction; price wait excludes building/repair time"
"Library","shelves","Full bookshelf collection","77","110","false","77","3","1","0","3003","111","17","0","0","0","1501.5","0","1501.5","","456.1518987341772","0","456.1518987341772","","313.3565217391304","0","313.3565217391304","","Purchased shelves still need construction; price wait excludes building/repair time"
"Library","shelves","Full bookshelf collection","78","110","false","78","3","1","0","3081","114","18","0","0","0","1540.5","0","1540.5","","468","0","468","","321.495652173913","0","321.495652173913","","Purchased shelves still need construction; price wait excludes building/repair time"
"Library","shelves","Full bookshelf collection","79","110","false","79","3","1","0","3160","117","19","0","0","0","1580","0","1580","","480","0","480","","329.73913043478257","0","329.73913043478257","","Purchased shelves still need construction; price wait excludes building/repair time"
"Library","shelves","Full bookshelf collection","80","110","false","80","3","1","0","3240","120","20","0","0","0","1620","0","1620","","492.1518987341772","0","492.1518987341772","","338.0869565217391","0","338.0869565217391","","Purchased shelves still need construction; price wait excludes building/repair time"
"Library","shelves","Full bookshelf collection","81","110","false","81","4","1","0","3321","124","21","0","0","0","1660.5","0","1660.5","","504.45569620253167","0","504.45569620253167","","346.5391304347826","0","346.5391304347826","","Purchased shelves still need construction; price wait excludes building/repair time"
"Library","shelves","Full bookshelf collection","82","110","false","82","4","1","0","3403","128","22","0","0","0","1701.5","0","1701.5","","516.9113924050633","0","516.9113924050633","","355.09565217391304","0","355.09565217391304","","Purchased shelves still need construction; price wait excludes building/repair time"
"Library","shelves","Full bookshelf collection","83","110","false","83","4","1","0","3486","132","23","0","0","0","1743","0","1743","","529.5189873417722","0","529.5189873417722","","363.7565217391304","0","363.7565217391304","","Purchased shelves still need construction; price wait excludes building/repair time"
"Library","shelves","Full bookshelf collection","84","110","false","84","4","1","0","3570","136","24","0","0","0","1785","0","1785","","542.2784810126583","0","542.2784810126583","","372.52173913043475","0","372.52173913043475","","Purchased shelves still need construction; price wait excludes building/repair time"
"Library","shelves","Full bookshelf collection","85","110","false","85","4","1","0","3655","140","25","0","0","0","1827.5","0","1827.5","","555.1898734177215","0","555.1898734177215","","381.39130434782606","0","381.39130434782606","","Purchased shelves still need construction; price wait excludes building/repair time"
"Library","shelves","Full bookshelf collection","86","110","false","86","4","1","0","3741","144","26","0","0","0","1870.5","0","1870.5","","568.253164556962","0","568.253164556962","","390.3652173913043","0","390.3652173913043","","Purchased shelves still need construction; price wait excludes building/repair time"
"Library","shelves","Full bookshelf collection","87","110","false","87","4","1","0","3828","148","27","0","0","0","1914","0","1914","","581.4683544303798","0","581.4683544303798","","399.44347826086954","0","399.44347826086954","","Purchased shelves still need construction; price wait excludes building/repair time"
"Library","shelves","Full bookshelf collection","88","110","false","88","4","1","0","3916","152","28","0","0","0","1958","0","1958","","594.8354430379748","0","594.8354430379748","","408.6260869565217","0","408.6260869565217","","Purchased shelves still need construction; price wait excludes building/repair time"
"Library","shelves","Full bookshelf collection","89","110","false","89","4","1","0","4005","156","29","0","0","0","2002.5","0","2002.5","","608.3544303797469","0","608.3544303797469","","417.9130434782608","0","417.9130434782608","","Purchased shelves still need construction; price wait excludes building/repair time"
"Library","shelves","Full bookshelf collection","90","110","false","90","4","1","0","4095","160","30","0","0","0","2047.5","0","2047.5","","622.0253164556963","0","622.0253164556963","","427.30434782608694","0","427.30434782608694","","Purchased shelves still need construction; price wait excludes building/repair time"
"Library","shelves","Full bookshelf collection","91","110","false","91","4","1","0","4186","164","31","0","0","0","2093","0","2093","","635.8481012658228","0","635.8481012658228","","436.79999999999995","0","436.79999999999995","","Purchased shelves still need construction; price wait excludes building/repair time"
"Library","shelves","Full bookshelf collection","92","110","false","92","4","1","0","4278","168","32","0","0","0","2139","0","2139","","649.8227848101266","0","649.8227848101266","","446.4","0","446.4","","Purchased shelves still need construction; price wait excludes building/repair time"
"Library","shelves","Full bookshelf collection","93","110","false","93","4","1","0","4371","172","33","0","0","0","2185.5","0","2185.5","","663.9493670886076","0","663.9493670886076","","456.10434782608695","0","456.10434782608695","","Purchased shelves still need construction; price wait excludes building/repair time"
"Library","shelves","Full bookshelf collection","94","110","false","94","4","1","0","4465","176","34","0","0","0","2232.5","0","2232.5","","678.2278481012659","0","678.2278481012659","","465.9130434782608","0","465.9130434782608","","Purchased shelves still need construction; price wait excludes building/repair time"
"Library","shelves","Full bookshelf collection","95","110","false","95","4","1","0","4560","180","35","0","0","0","2280","0","2280","","692.6582278481013","0","692.6582278481013","","475.8260869565217","0","475.8260869565217","","Purchased shelves still need construction; price wait excludes building/repair time"
"Library","shelves","Full bookshelf collection","96","110","false","96","4","1","0","4656","184","36","0","0","0","2328","0","2328","","707.2405063291139","0","707.2405063291139","","485.8434782608695","0","485.8434782608695","","Purchased shelves still need construction; price wait excludes building/repair time"
"Library","shelves","Full bookshelf collection","97","110","false","97","4","1","0","4753","188","37","0","0","0","2376.5","0","2376.5","","721.9746835443038","0","721.9746835443038","","495.9652173913043","0","495.9652173913043","","Purchased shelves still need construction; price wait excludes building/repair time"
"Library","shelves","Full bookshelf collection","98","110","false","98","4","1","0","4851","192","38","0","0","0","2425.5","0","2425.5","","736.8607594936709","0","736.8607594936709","","506.1913043478261","0","506.1913043478261","","Purchased shelves still need construction; price wait excludes building/repair time"
"Library","shelves","Full bookshelf collection","99","110","false","99","4","1","0","4950","196","39","0","0","0","2475","0","2475","","751.8987341772153","0","751.8987341772153","","516.5217391304348","0","516.5217391304348","","Purchased shelves still need construction; price wait excludes building/repair time"
"Library","shelves","Full bookshelf collection","100","110","false","100","4","1","0","5050","200","40","0","0","0","2525","0","2525","","767.0886075949368","0","767.0886075949368","","526.9565217391304","0","526.9565217391304","","Purchased shelves still need construction; price wait excludes building/repair time"
"Library","shelves","Full bookshelf collection","101","110","false","101","5","1","0","5151","205","41","0","0","0","2575.5","0","2575.5","","782.4303797468355","0","782.4303797468355","","537.495652173913","0","537.495652173913","","Purchased shelves still need construction; price wait excludes building/repair time"
"Library","shelves","Full bookshelf collection","102","110","false","102","5","1","0","5253","210","42","0","0","0","2626.5","0","2626.5","","797.9240506329114","0","797.9240506329114","","548.1391304347826","0","548.1391304347826","","Purchased shelves still need construction; price wait excludes building/repair time"
"Library","shelves","Full bookshelf collection","103","110","false","103","5","1","0","5356","215","43","0","0","0","2678","0","2678","","813.5696202531645","0","813.5696202531645","","558.8869565217391","0","558.8869565217391","","Purchased shelves still need construction; price wait excludes building/repair time"
"Library","shelves","Full bookshelf collection","104","110","false","104","5","1","0","5460","220","44","0","0","0","2730","0","2730","","829.367088607595","0","829.367088607595","","569.7391304347826","0","569.7391304347826","","Purchased shelves still need construction; price wait excludes building/repair time"
"Library","shelves","Full bookshelf collection","105","110","false","105","5","1","0","5565","225","45","0","0","0","2782.5","0","2782.5","","845.3164556962025","0","845.3164556962025","","580.695652173913","0","580.695652173913","","Purchased shelves still need construction; price wait excludes building/repair time"
"Library","shelves","Full bookshelf collection","106","110","false","106","5","1","0","5671","230","46","0","0","0","2835.5","0","2835.5","","861.4177215189874","0","861.4177215189874","","591.7565217391304","0","591.7565217391304","","Purchased shelves still need construction; price wait excludes building/repair time"
"Library","shelves","Full bookshelf collection","107","110","false","107","5","1","0","5778","235","47","0","0","0","2889","0","2889","","877.6708860759494","0","877.6708860759494","","602.9217391304347","0","602.9217391304347","","Purchased shelves still need construction; price wait excludes building/repair time"
"Library","shelves","Full bookshelf collection","108","110","false","108","5","1","0","5886","240","48","0","0","0","2943","0","2943","","894.0759493670887","0","894.0759493670887","","614.1913043478261","0","614.1913043478261","","Purchased shelves still need construction; price wait excludes building/repair time"
"Library","shelves","Full bookshelf collection","109","110","false","109","5","1","0","5995","245","49","0","0","0","2997.5","0","2997.5","","910.632911392405","0","910.632911392405","","625.5652173913043","0","625.5652173913043","","Purchased shelves still need construction; price wait excludes building/repair time"
"Library","shelves","Full bookshelf collection","110","110","true","110","5","1","0","6105","250","50","0","0","0","3052.5","0","3052.5","","927.3417721518988","0","927.3417721518988","","637.0434782608695","0","637.0434782608695","","Purchased shelves still need construction; price wait excludes building/repair time"
"Library","librarians","Full Library staff","1","16","false","2","0","0","0","2","0","0","0","0","0","1","0","1","","0.3037974683544304","0","0.3037974683544304","","0.20869565217391303","0","0.20869565217391303","","Lab research capacity and role allocation excluded; no replacement costs"
"Library","librarians","Full Library staff","2","16","false","3","0","0","0","5","0","0","0","0","0","2.5","0","2.5","","0.759493670886076","0","0.759493670886076","","0.5217391304347826","0","0.5217391304347826","","Lab research capacity and role allocation excluded; no replacement costs"
"Library","librarians","Full Library staff","3","16","false","4","0","0","0","9","0","0","0","0","0","4.5","0","4.5","","1.3670886075949367","0","1.3670886075949367","","0.9391304347826086","0","0.9391304347826086","","Lab research capacity and role allocation excluded; no replacement costs"
"Library","librarians","Full Library staff","4","16","false","5","0","0","0","14","0","0","0","0","0","7","0","7","","2.126582278481013","0","2.126582278481013","","1.4608695652173913","0","1.4608695652173913","","Lab research capacity and role allocation excluded; no replacement costs"
"Library","librarians","Full Library staff","5","16","false","6","1","0","0","20","1","0","0","0","0","10","0","10","","3.037974683544304","0","3.037974683544304","","2.0869565217391304","0","2.0869565217391304","","Lab research capacity and role allocation excluded; no replacement costs"
"Library","librarians","Full Library staff","6","16","false","7","1","0","0","27","2","0","0","0","0","13.5","0","13.5","","4.101265822784811","0","4.101265822784811","","2.817391304347826","0","2.817391304347826","","Lab research capacity and role allocation excluded; no replacement costs"
"Library","librarians","Full Library staff","7","16","false","8","1","0","0","35","3","0","0","0","0","17.5","0","17.5","","5.3164556962025316","0","5.3164556962025316","","3.652173913043478","0","3.652173913043478","","Lab research capacity and role allocation excluded; no replacement costs"
"Library","librarians","Full Library staff","8","16","false","9","1","0","0","44","4","0","0","0","0","22","0","22","","6.6835443037974684","0","6.6835443037974684","","4.591304347826087","0","4.591304347826087","","Lab research capacity and role allocation excluded; no replacement costs"
"Library","librarians","Full Library staff","9","16","false","10","2","0","0","54","6","0","0","0","0","27","0","27","","8.202531645569621","0","8.202531645569621","","5.634782608695652","0","5.634782608695652","","Lab research capacity and role allocation excluded; no replacement costs"
"Library","librarians","Full Library staff","10","16","false","11","2","0","0","65","8","0","0","0","0","32.5","0","32.5","","9.873417721518988","0","9.873417721518988","","6.782608695652174","0","6.782608695652174","","Lab research capacity and role allocation excluded; no replacement costs"
"Library","librarians","Full Library staff","11","16","false","12","2","0","0","77","10","0","0","0","0","38.5","0","38.5","","11.69620253164557","0","11.69620253164557","","8.034782608695652","0","8.034782608695652","","Lab research capacity and role allocation excluded; no replacement costs"
"Library","librarians","Full Library staff","12","16","false","13","2","0","0","90","12","0","0","0","0","45","0","45","","13.670886075949367","0","13.670886075949367","","9.391304347826086","0","9.391304347826086","","Lab research capacity and role allocation excluded; no replacement costs"
"Library","librarians","Full Library staff","13","16","false","14","3","1","0","104","15","1","0","0","0","52","0","52","","15.79746835443038","0","15.79746835443038","","10.852173913043478","0","10.852173913043478","","Lab research capacity and role allocation excluded; no replacement costs"
"Library","librarians","Full Library staff","14","16","false","15","3","1","0","119","18","2","0","0","0","59.5","0","59.5","","18.075949367088608","0","18.075949367088608","","12.417391304347825","0","12.417391304347825","","Lab research capacity and role allocation excluded; no replacement costs"
"Library","librarians","Full Library staff","15","16","false","16","3","1","0","135","21","3","0","0","0","67.5","0","67.5","","20.506329113924053","0","20.506329113924053","","14.086956521739129","0","14.086956521739129","","Lab research capacity and role allocation excluded; no replacement costs"
"Library","librarians","Full Library staff","16","16","true","17","3","1","0","152","24","4","0","0","0","76","0","76","","23.08860759493671","0","23.08860759493671","","15.86086956521739","0","15.86086956521739","","Lab research capacity and role allocation excluded; no replacement costs"
"Library","lab","Alchemy lab","2","5","false","10","0","0","0","10","0","0","0","0","0","5","0","5","","1.518987341772152","0","1.518987341772152","","1.0434782608695652","0","1.0434782608695652","","Level 1 is free"
"Library","lab","Alchemy lab","3","5","false","20","3","0","0","30","3","0","0","0","0","15","0","15","","4.556962025316456","0","4.556962025316456","","3.1304347826086953","0","3.1304347826086953","","Level 1 is free"
"Library","lab","Alchemy lab","4","5","false","30","6","1","0","60","9","1","0","0","0","30","0","30","","9.113924050632912","0","9.113924050632912","","6.260869565217391","0","6.260869565217391","","Level 1 is free"
"Library","lab","Alchemy lab","5","5","true","40","9","2","0","100","18","3","0","0","0","50","0","50","","15.18987341772152","0","15.18987341772152","","10.434782608695652","0","10.434782608695652","","Level 1 is free"
